Number,Song,Artist,Date_Reached,Year_Reached,Weeks_At_Number_One,Last_Week_Date,Returned_To_Top,Song_URL,Artist_URL
1,Poor Little Fool,Ricky Nelson,1958-08-04,1958,2,1958-08-11,N,https://en.wikipedia.org/wiki/Poor_Little_Fool,https://en.wikipedia.org/wiki/Ricky_Nelson
2,Volare (Nel blu dipinto di blu),Domenico Modugno,1958-08-18,1958,5,1958-09-22,Y,"https://en.wikipedia.org/wiki/Nel_blu,_dipinto_di_blu_(song)",https://en.wikipedia.org/wiki/Domenico_Modugno
3,Little Star,The Elegants,1958-08-25,1958,1,1958-08-25,N,https://en.wikipedia.org/wiki/Little_Star_(The_Elegants_song),https://en.wikipedia.org/wiki/The_Elegants
4,It's All in the Game,Tommy Edwards,1958-09-29,1958,6,1958-11-03,N,https://en.wikipedia.org/wiki/It's_All_in_the_Game_(song),https://en.wikipedia.org/wiki/Tommy_Edwards
5,It's Only Make Believe,Conway Twitty,1958-11-10,1958,2,1958-11-24,Y,https://en.wikipedia.org/wiki/It's_Only_Make_Believe,https://en.wikipedia.org/wiki/Conway_Twitty
6,Tom Dooley,The Kingston Trio,1958-11-17,1958,1,1958-11-17,N,https://en.wikipedia.org/wiki/Tom_Dooley_(song),https://en.wikipedia.org/wiki/The_Kingston_Trio
7,To Know Him Is to Love Him,The Teddy Bears,1958-12-01,1958,3,1958-12-15,N,https://en.wikipedia.org/wiki/To_Know_Him_Is_to_Love_Him,https://en.wikipedia.org/wiki/The_Teddy_Bears
8,The Chipmunk Song (Christmas Don't Be Late),The Chipmunks with David Seville,1958-12-22,1958,4,1959-01-12,N,https://en.wikipedia.org/wiki/The_Chipmunk_Song_(Christmas_Don't_Be_Late),https://en.wikipedia.org/wiki/Alvin_and_the_Chipmunks
9,Smoke Gets in Your Eyes,The Platters,1959-01-19,1959,3,1959-02-02,N,https://en.wikipedia.org/wiki/Smoke_Gets_in_Your_Eyes,https://en.wikipedia.org/wiki/The_Platters
10,Stagger Lee,Lloyd Price,1959-02-09,1959,4,1959-03-02,N,https://en.wikipedia.org/wiki/Stagger_Lee,https://en.wikipedia.org/wiki/Lloyd_Price
11,Venus,Frankie Avalon,1959-03-09,1959,5,1959-04-06,N,https://en.wikipedia.org/wiki/Venus_(Frankie_Avalon_song),https://en.wikipedia.org/wiki/Frankie_Avalon
12,Come Softly to Me,The Fleetwoods,1959-04-13,1959,4,1959-05-04,N,https://en.wikipedia.org/wiki/Come_Softly_to_Me,https://en.wikipedia.org/wiki/The_Fleetwoods
13,The Happy Organ,"Dave ""Baby"" Cortez",1959-05-11,1959,1,1959-05-11,N,https://en.wikipedia.org/wiki/The_Happy_Organ,"https://en.wikipedia.org/wiki/Dave_""Baby""_Cortez"
14,Kansas City,Wilbert Harrison,1959-05-18,1959,2,1959-05-25,N,https://en.wikipedia.org/wiki/Kansas_City_(R&B_song),https://en.wikipedia.org/wiki/Wilbert_Harrison
15,The Battle of New Orleans,Johnny Horton,1959-06-01,1959,6,1959-07-06,N,https://en.wikipedia.org/wiki/The_Battle_of_New_Orleans,https://en.wikipedia.org/wiki/Johnny_Horton
16,Lonely Boy,Paul Anka,1959-07-13,1959,4,1959-08-03,N,https://en.wikipedia.org/wiki/Lonely_Boy_(Paul_Anka_song),https://en.wikipedia.org/wiki/Paul_Anka
17,A Big Hunk o' Love,Elvis Presley,1959-08-10,1959,2,1959-08-17,N,https://en.wikipedia.org/wiki/A_Big_Hunk_o'_Love,https://en.wikipedia.org/wiki/Elvis_Presley
18,The Three Bells,The Browns,1959-08-24,1959,4,1959-09-14,N,https://en.wikipedia.org/wiki/The_Three_Bells,https://en.wikipedia.org/wiki/The_Browns
19,Sleep Walk,Santo & Johnny,1959-09-21,1959,2,1959-09-28,N,https://en.wikipedia.org/wiki/Sleep_Walk,https://en.wikipedia.org/wiki/Santo_&_Johnny
20,Mack the Knife,Bobby Darin,1959-10-05,1959,9,1959-12-07,Y,https://en.wikipedia.org/wiki/Mack_the_Knife,https://en.wikipedia.org/wiki/Bobby_Darin
21,Mr. Blue,The Fleetwoods,1959-11-16,1959,1,1959-11-16,N,https://en.wikipedia.org/wiki/Mr._Blue,https://en.wikipedia.org/wiki/The_Fleetwoods
22,Heartaches by the Number,Guy Mitchell,1959-12-14,1959,2,1959-12-21,N,https://en.wikipedia.org/wiki/Heartaches_by_the_Number,https://en.wikipedia.org/wiki/Guy_Mitchell
23,Why,Frankie Avalon,1959-12-28,1959,1,1959-12-28,N,https://en.wikipedia.org/wiki/Why_(Frankie_Avalon_song),https://en.wikipedia.org/wiki/Frankie_Avalon
24,El Paso,Marty Robbins,1960-01-04,1960,2,1960-01-11,N,https://en.wikipedia.org/wiki/El_Paso_(song),https://en.wikipedia.org/wiki/Marty_Robbins
25,Running Bear,Johnny Preston,1960-01-18,1960,3,1960-02-01,N,https://en.wikipedia.org/wiki/Running_Bear,https://en.wikipedia.org/wiki/Johnny_Preston
26,Teen Angel,Mark Dinning,1960-02-08,1960,2,1960-02-15,N,https://en.wikipedia.org/wiki/Teen_Angel_(song),https://en.wikipedia.org/wiki/Mark_Dinning
27,Theme from A Summer Place,Percy Faith and his orchestra,1960-02-22,1960,9,1960-04-18,N,https://en.wikipedia.org/wiki/Theme_from_A_Summer_Place,https://en.wikipedia.org/wiki/Percy_Faith
28,Stuck on You,Elvis Presley,1960-04-25,1960,4,1960-05-16,N,https://en.wikipedia.org/wiki/Stuck_on_You_(Elvis_Presley_song),https://en.wikipedia.org/wiki/Elvis_Presley
29,Cathy's Clown,The Everly Brothers,1960-05-23,1960,5,1960-06-20,N,https://en.wikipedia.org/wiki/Cathy's_Clown,https://en.wikipedia.org/wiki/The_Everly_Brothers
30,Everybody's Somebody's Fool,Connie Francis,1960-06-27,1960,2,1960-07-04,N,https://en.wikipedia.org/wiki/Everybody's_Somebody's_Fool,https://en.wikipedia.org/wiki/Connie_Francis
31,Alley Oop,Hollywood Argyles,1960-07-11,1960,1,1960-07-11,N,https://en.wikipedia.org/wiki/Alley_Oop_(song),https://en.wikipedia.org/wiki/Hollywood_Argyles
32,I'm Sorry,Brenda Lee,1960-07-18,1960,3,1960-08-01,N,https://en.wikipedia.org/wiki/I'm_Sorry_(Brenda_Lee_song),https://en.wikipedia.org/wiki/Brenda_Lee
33,Itsy Bitsy Teenie Weenie Yellow Polkadot Bikini,Brian Hyland,1960-08-08,1960,1,1960-08-08,N,https://en.wikipedia.org/wiki/Itsy_Bitsy_Teenie_Weenie_Yellow_Polkadot_Bikini,https://en.wikipedia.org/wiki/Brian_Hyland
34,It's Now or Never,Elvis Presley,1960-08-15,1960,5,1960-09-12,N,https://en.wikipedia.org/wiki/It's_Now_or_Never_(song),https://en.wikipedia.org/wiki/Elvis_Presley
35,The Twist,Chubby Checker,1960-09-19,1960,3,1962-01-20,Y,https://en.wikipedia.org/wiki/The_Twist_(song),https://en.wikipedia.org/wiki/Chubby_Checker
36,My Heart Has a Mind of Its Own,Connie Francis,1960-09-26,1960,2,1960-10-03,N,https://en.wikipedia.org/wiki/My_Heart_Has_a_Mind_of_Its_Own,https://en.wikipedia.org/wiki/Connie_Francis
37,Mr. Custer,Larry Verne,1960-10-10,1960,1,1960-10-10,N,https://en.wikipedia.org/wiki/Mr._Custer,https://en.wikipedia.org/wiki/Larry_Verne
38,Save the Last Dance for Me,The Drifters,1960-10-17,1960,3,1960-11-07,Y,https://en.wikipedia.org/wiki/Save_the_Last_Dance_for_Me,https://en.wikipedia.org/wiki/The_Drifters
39,I Want to Be Wanted,Brenda Lee,1960-10-24,1960,1,1960-10-24,N,https://en.wikipedia.org/wiki/I_Want_to_Be_Wanted,https://en.wikipedia.org/wiki/Brenda_Lee
40,Georgia on My Mind,Ray Charles,1960-11-14,1960,1,1960-11-14,N,https://en.wikipedia.org/wiki/Georgia_on_My_Mind,https://en.wikipedia.org/wiki/Ray_Charles
41,Stay,Maurice Williams and the Zodiacs,1960-11-21,1960,1,1960-11-21,N,https://en.wikipedia.org/wiki/Stay_(Maurice_Williams_song),https://en.wikipedia.org/wiki/Maurice_Williams_and_the_Zodiacs
42,Are You Lonesome Tonight?,Elvis Presley,1960-11-28,1960,6,1961-01-02,N,https://en.wikipedia.org/wiki/Are_You_Lonesome_Tonight%3F,https://en.wikipedia.org/wiki/Elvis_Presley
43,Wonderland by Night,Bert Kaempfert,1961-01-09,1961,3,1961-01-23,N,https://en.wikipedia.org/wiki/Wonderland_by_Night,https://en.wikipedia.org/wiki/Bert_Kaempfert
44,Will You Love Me Tomorrow,The Shirelles,1961-01-30,1961,2,1961-02-06,N,https://en.wikipedia.org/wiki/Will_You_Love_Me_Tomorrow,https://en.wikipedia.org/wiki/The_Shirelles
45,Calcutta,Lawrence Welk,1961-02-13,1961,2,1961-02-20,N,https://en.wikipedia.org/wiki/Calcutta_(song),https://en.wikipedia.org/wiki/Lawrence_Welk
46,Pony Time,Chubby Checker,1961-02-27,1961,3,1961-03-13,N,https://en.wikipedia.org/wiki/Pony_Time,https://en.wikipedia.org/wiki/Chubby_Checker
47,Surrender,Elvis Presley,1961-03-20,1961,2,1961-03-27,N,https://en.wikipedia.org/wiki/Surrender_(Elvis_Presley_song),https://en.wikipedia.org/wiki/Elvis_Presley
48,Blue Moon,The Marcels,1961-04-03,1961,3,1961-04-17,N,https://en.wikipedia.org/wiki/Blue_Moon_(1934_song),https://en.wikipedia.org/wiki/The_Marcels
49,Runaway,Del Shannon,1961-04-24,1961,4,1961-05-15,N,https://en.wikipedia.org/wiki/Runaway_(Del_Shannon_song),https://en.wikipedia.org/wiki/Del_Shannon
50,Mother-in-Law,Ernie K-Doe,1961-05-22,1961,1,1961-05-22,N,https://en.wikipedia.org/wiki/Mother-in-Law_(song),https://en.wikipedia.org/wiki/Ernie_K-Doe
51,Travelin' Man,Ricky Nelson,1961-05-29,1961,2,1961-06-12,Y,https://en.wikipedia.org/wiki/Travelin'_Man,https://en.wikipedia.org/wiki/Ricky_Nelson
52,Running Scared,Roy Orbison,1961-06-05,1961,1,1961-06-05,N,https://en.wikipedia.org/wiki/Running_Scared_(Roy_Orbison_song),https://en.wikipedia.org/wiki/Roy_Orbison
53,Moody River,Pat Boone,1961-06-19,1961,1,1961-06-19,N,https://en.wikipedia.org/wiki/Moody_River,https://en.wikipedia.org/wiki/Pat_Boone
54,Quarter to Three,U.S. Bonds,1961-06-26,1961,2,1961-07-03,N,https://en.wikipedia.org/wiki/Quarter_to_Three,https://en.wikipedia.org/wiki/Gary_U.S._Bonds
55,Tossin' and Turnin',Bobby Lewis,1961-07-10,1961,7,1961-08-21,N,https://en.wikipedia.org/wiki/Tossin'_and_Turnin',https://en.wikipedia.org/wiki/Bobby_Lewis
56,Wooden Heart,Joe Dowell,1961-08-28,1961,1,1961-08-28,N,https://en.wikipedia.org/wiki/Wooden_Heart,https://en.wikipedia.org/wiki/Joe_Dowell
57,Michael,The Highwaymen,1961-09-04,1961,2,1961-09-11,N,https://en.wikipedia.org/wiki/Michael_Row_the_Boat_Ashore,https://en.wikipedia.org/wiki/The_Highwaymen_(folk_band)
58,Take Good Care of My Baby,Bobby Vee,1961-09-18,1961,3,1961-10-02,N,https://en.wikipedia.org/wiki/Take_Good_Care_of_My_Baby,https://en.wikipedia.org/wiki/Bobby_Vee
59,Hit the Road Jack,Ray Charles,1961-10-09,1961,2,1961-10-16,N,https://en.wikipedia.org/wiki/Hit_the_Road_Jack,https://en.wikipedia.org/wiki/Ray_Charles
60,Runaround Sue,Dion,1961-10-23,1961,2,1961-10-30,N,https://en.wikipedia.org/wiki/Runaround_Sue,https://en.wikipedia.org/wiki/Dion_DiMucci
61,Big Bad John,Jimmy Dean,1961-11-06,1961,5,1961-12-04,N,https://en.wikipedia.org/wiki/Big_Bad_John,https://en.wikipedia.org/wiki/Jimmy_Dean
62,Please Mr. Postman,The Marvelettes,1961-12-11,1961,1,1961-12-11,N,https://en.wikipedia.org/wiki/Please_Mr._Postman,https://en.wikipedia.org/wiki/The_Marvelettes
63,The Lion Sleeps Tonight,The Tokens,1961-12-18,1961,3,1962-01-06,Y,https://en.wikipedia.org/wiki/The_Lion_Sleeps_Tonight,https://en.wikipedia.org/wiki/The_Tokens
64,Peppermint Twist,Joey Dee and the Starliters,1962-01-27,1962,3,1962-02-10,N,https://en.wikipedia.org/wiki/Peppermint_Twist,https://en.wikipedia.org/wiki/Joey_Dee_and_the_Starliters
65,Duke of Earl,Gene Chandler,1962-02-17,1962,3,1962-03-03,N,https://en.wikipedia.org/wiki/Duke_of_Earl,https://en.wikipedia.org/wiki/Gene_Chandler
66,Hey! Baby,Bruce Channel,1962-03-10,1962,3,1962-03-24,N,https://en.wikipedia.org/wiki/Hey!_Baby,https://en.wikipedia.org/wiki/Bruce_Channel
67,Don't Break the Heart That Loves You,Connie Francis,1962-03-31,1962,1,1962-03-31,N,https://en.wikipedia.org/wiki/Don't_Break_the_Heart_That_Loves_You,https://en.wikipedia.org/wiki/Connie_Francis
68,Johnny Angel,Shelley Fabares,1962-04-07,1962,2,1962-04-14,N,https://en.wikipedia.org/wiki/Johnny_Angel_(song),https://en.wikipedia.org/wiki/Shelley_Fabares
69,Good Luck Charm,Elvis Presley,1962-04-21,1962,2,1962-04-28,N,https://en.wikipedia.org/wiki/Good_Luck_Charm,https://en.wikipedia.org/wiki/Elvis_Presley
70,Soldier Boy,The Shirelles,1962-05-05,1962,3,1962-05-19,N,https://en.wikipedia.org/wiki/Soldier_Boy_(The_Shirelles_song),https://en.wikipedia.org/wiki/The_Shirelles
71,Stranger on the Shore,Mr. Acker Bilk,1962-05-26,1962,1,1962-05-26,N,https://en.wikipedia.org/wiki/Stranger_on_the_Shore,https://en.wikipedia.org/wiki/Mr._Acker_Bilk
72,I Can't Stop Loving You,Ray Charles,1962-06-02,1962,5,1962-06-30,N,https://en.wikipedia.org/wiki/I_Can't_Stop_Loving_You,https://en.wikipedia.org/wiki/Ray_Charles
73,The Stripper,David Rose,1962-07-07,1962,1,1962-07-07,N,https://en.wikipedia.org/wiki/The_Stripper,https://en.wikipedia.org/wiki/David_Rose_(songwriter)
74,Roses Are Red (My Love),Bobby Vinton,1962-07-14,1962,4,1962-08-04,N,https://en.wikipedia.org/wiki/Roses_Are_Red_(My_Love),https://en.wikipedia.org/wiki/Bobby_Vinton
75,Breaking Up Is Hard to Do,Neil Sedaka,1962-08-11,1962,2,1962-08-18,N,https://en.wikipedia.org/wiki/Breaking_Up_Is_Hard_to_Do,https://en.wikipedia.org/wiki/Neil_Sedaka
76,The Loco-Motion,Little Eva,1962-08-25,1962,1,1962-08-25,N,https://en.wikipedia.org/wiki/The_Loco-Motion,https://en.wikipedia.org/wiki/Little_Eva
77,Sheila,Tommy Roe,1962-09-01,1962,2,1962-09-08,N,https://en.wikipedia.org/wiki/Sheila_(Tommy_Roe_song),https://en.wikipedia.org/wiki/Tommy_Roe
78,Sherry,The Four Seasons,1962-09-15,1962,5,1962-10-13,N,https://en.wikipedia.org/wiki/Sherry_(song),https://en.wikipedia.org/wiki/The_Four_Seasons_(band)
79,Monster Mash,"Bobby ""Boris"" Pickett and the Crypt-Kickers",1962-10-20,1962,2,1962-10-27,N,https://en.wikipedia.org/wiki/Monster_Mash,https://en.wikipedia.org/wiki/Bobby_Pickett
80,He's a Rebel,The Crystals,1962-11-03,1962,2,1962-11-10,N,https://en.wikipedia.org/wiki/He's_a_Rebel,https://en.wikipedia.org/wiki/The_Crystals
81,Big Girls Don't Cry,The Four Seasons,1962-11-17,1962,5,1962-12-15,N,https://en.wikipedia.org/wiki/Big_Girls_Don't_Cry_(The_Four_Seasons_song),https://en.wikipedia.org/wiki/The_Four_Seasons_(band)
82,Telstar,The Tornados,1962-12-22,1962,3,1963-01-05,N,https://en.wikipedia.org/wiki/Telstar_(instrumental),https://en.wikipedia.org/wiki/The_Tornados
83,Go Away Little Girl,Steve Lawrence,1963-01-12,1963,2,1963-01-19,N,https://en.wikipedia.org/wiki/Go_Away_Little_Girl,https://en.wikipedia.org/wiki/Steve_Lawrence
84,Walk Right In,The Rooftop Singers,1963-01-26,1963,2,1963-02-02,N,https://en.wikipedia.org/wiki/Walk_Right_In,https://en.wikipedia.org/wiki/The_Rooftop_Singers
85,Hey Paula,Paul & Paula,1963-02-09,1963,3,1963-02-23,N,https://en.wikipedia.org/wiki/Hey_Paula_(song),https://en.wikipedia.org/wiki/Paul_&_Paula
86,Walk Like a Man,The Four Seasons,1963-03-02,1963,3,1963-03-16,N,https://en.wikipedia.org/wiki/Walk_Like_a_Man_(The_Four_Seasons_song),https://en.wikipedia.org/wiki/The_Four_Seasons_(band)
87,Our Day Will Come,Ruby & the Romantics,1963-03-23,1963,1,1963-03-23,N,https://en.wikipedia.org/wiki/Our_Day_Will_Come,https://en.wikipedia.org/wiki/Ruby_&_the_Romantics
88,He's So Fine,The Chiffons,1963-03-30,1963,4,1963-04-20,N,https://en.wikipedia.org/wiki/He's_So_Fine,https://en.wikipedia.org/wiki/The_Chiffons
89,I Will Follow Him,Little Peggy March,1963-04-27,1963,3,1963-05-11,N,https://en.wikipedia.org/wiki/I_Will_Follow_Him,https://en.wikipedia.org/wiki/Peggy_March
90,If You Wanna Be Happy,Jimmy Soul,1963-05-18,1963,2,1963-05-25,N,https://en.wikipedia.org/wiki/If_You_Wanna_Be_Happy,https://en.wikipedia.org/wiki/Jimmy_Soul
91,It's My Party,Lesley Gore,1963-06-01,1963,2,1963-06-08,N,https://en.wikipedia.org/wiki/It's_My_Party,https://en.wikipedia.org/wiki/Lesley_Gore
92,Sukiyaki,Kyu Sakamoto,1963-06-15,1963,3,1963-06-29,N,https://en.wikipedia.org/wiki/Sukiyaki_(song),https://en.wikipedia.org/wiki/Kyu_Sakamoto
93,Easier Said Than Done,The Essex,1963-07-06,1963,2,1963-07-13,N,https://en.wikipedia.org/wiki/Easier_Said_Than_Done_(The_Essex_song),https://en.wikipedia.org/wiki/The_Essex
94,Surf City,Jan and Dean,1963-07-20,1963,2,1963-07-27,N,https://en.wikipedia.org/wiki/Surf_City_(song),https://en.wikipedia.org/wiki/Jan_and_Dean
95,So Much in Love,The Tymes,1963-08-03,1963,1,1963-08-03,N,https://en.wikipedia.org/wiki/So_Much_in_Love,https://en.wikipedia.org/wiki/The_Tymes
96,Fingertips (Part II),Little Stevie Wonder,1963-08-10,1963,3,1963-08-24,N,https://en.wikipedia.org/wiki/Fingertips,https://en.wikipedia.org/wiki/Stevie_Wonder
97,My Boyfriend's Back,The Angels,1963-08-31,1963,3,1963-09-14,N,https://en.wikipedia.org/wiki/My_Boyfriend's_Back_(song),https://en.wikipedia.org/wiki/The_Angels_(American_group)
98,Blue Velvet,Bobby Vinton,1963-09-21,1963,3,1963-10-05,N,https://en.wikipedia.org/wiki/Blue_Velvet_(song),https://en.wikipedia.org/wiki/Bobby_Vinton
99,Sugar Shack,Jimmy Gilmer and the Fireballs,1963-10-12,1963,5,1963-11-09,N,https://en.wikipedia.org/wiki/Sugar_Shack,https://en.wikipedia.org/wiki/The_Fireballs
100,Deep Purple,Nino Tempo & April Stevens,1963-11-16,1963,1,1963-11-16,N,https://en.wikipedia.org/wiki/Deep_Purple_(song),https://en.wikipedia.org/wiki/Nino_Tempo_&_April_Stevens
101,I'm Leaving It Up to You,Dale & Grace,1963-11-23,1963,2,1963-11-30,N,https://en.wikipedia.org/wiki/I'm_Leaving_It_Up_to_You,https://en.wikipedia.org/wiki/Dale_and_Grace
102,Dominique,The Singing Nun,1963-12-07,1963,4,1963-12-28,N,https://en.wikipedia.org/wiki/Dominique_(song),https://en.wikipedia.org/wiki/The_Singing_Nun
103,There! I've Said It Again,Bobby Vinton,1964-01-04,1964,4,1964-01-25,N,https://en.wikipedia.org/wiki/There!_I've_Said_It_Again,https://en.wikipedia.org/wiki/Bobby_Vinton
104,I Want to Hold Your Hand,The Beatles,1964-02-01,1964,7,1964-03-14,N,https://en.wikipedia.org/wiki/I_Want_to_Hold_Your_Hand,https://en.wikipedia.org/wiki/The_Beatles
105,She Loves You,The Beatles,1964-03-21,1964,2,1964-03-28,N,https://en.wikipedia.org/wiki/She_Loves_You,https://en.wikipedia.org/wiki/The_Beatles
106,Can't Buy Me Love,The Beatles,1964-04-04,1964,5,1964-05-02,N,https://en.wikipedia.org/wiki/Can't_Buy_Me_Love,https://en.wikipedia.org/wiki/The_Beatles
107,"Hello, Dolly!",Louis Armstrong,1964-05-09,1964,1,1964-05-09,N,"https://en.wikipedia.org/wiki/Hello,_Dolly!_(song)",https://en.wikipedia.org/wiki/Louis_Armstrong
108,My Guy,Mary Wells,1964-05-16,1964,2,1964-05-23,N,https://en.wikipedia.org/wiki/My_Guy,https://en.wikipedia.org/wiki/Mary_Wells
109,Love Me Do,The Beatles,1964-05-30,1964,1,1964-05-30,N,https://en.wikipedia.org/wiki/Love_Me_Do,https://en.wikipedia.org/wiki/The_Beatles
110,Chapel of Love,The Dixie Cups,1964-06-06,1964,3,1964-06-20,N,https://en.wikipedia.org/wiki/Chapel_of_Love,https://en.wikipedia.org/wiki/The_Dixie_Cups
111,A World Without Love,Peter and Gordon,1964-06-27,1964,1,1964-06-27,N,https://en.wikipedia.org/wiki/A_World_Without_Love,https://en.wikipedia.org/wiki/Peter_and_Gordon
112,I Get Around,The Beach Boys,1964-07-04,1964,2,1964-07-11,N,https://en.wikipedia.org/wiki/I_Get_Around,https://en.wikipedia.org/wiki/The_Beach_Boys
113,Rag Doll,The Four Seasons,1964-07-18,1964,2,1964-07-25,N,https://en.wikipedia.org/wiki/Rag_Doll_(The_Four_Seasons_song),https://en.wikipedia.org/wiki/The_Four_Seasons_(band)
114,A Hard Day's Night,The Beatles,1964-08-01,1964,2,1964-08-08,N,https://en.wikipedia.org/wiki/A_Hard_Day's_Night_(song),https://en.wikipedia.org/wiki/The_Beatles
115,Everybody Loves Somebody,Dean Martin,1964-08-15,1964,1,1964-08-15,N,https://en.wikipedia.org/wiki/Everybody_Loves_Somebody,https://en.wikipedia.org/wiki/Dean_Martin
116,Where Did Our Love Go,The Supremes,1964-08-22,1964,2,1964-08-29,N,https://en.wikipedia.org/wiki/Where_Did_Our_Love_Go,https://en.wikipedia.org/wiki/The_Supremes
117,The House of the Rising Sun,The Animals,1964-09-05,1964,3,1964-09-19,N,https://en.wikipedia.org/wiki/The_House_of_the_Rising_Sun,https://en.wikipedia.org/wiki/The_Animals
118,"Oh, Pretty Woman",Roy Orbison,1964-09-26,1964,3,1964-10-10,N,"https://en.wikipedia.org/wiki/Oh,_Pretty_Woman",https://en.wikipedia.org/wiki/Roy_Orbison
119,Do Wah Diddy Diddy,Manfred Mann,1964-10-17,1964,2,1964-10-24,N,https://en.wikipedia.org/wiki/Do_Wah_Diddy_Diddy,https://en.wikipedia.org/wiki/Manfred_Mann
120,Baby Love,The Supremes,1964-10-31,1964,4,1964-11-21,N,https://en.wikipedia.org/wiki/Baby_Love,https://en.wikipedia.org/wiki/The_Supremes
121,Leader of the Pack,The Shangri-Las,1964-11-28,1964,1,1964-11-28,N,https://en.wikipedia.org/wiki/Leader_of_the_Pack,https://en.wikipedia.org/wiki/The_Shangri-Las
122,Ringo,Lorne Greene,1964-12-05,1964,1,1964-12-05,N,https://en.wikipedia.org/wiki/Ringo_(Lorne_Greene_song),https://en.wikipedia.org/wiki/Lorne_Greene
123,Mr. Lonely,Bobby Vinton,1964-12-12,1964,1,1964-12-12,N,https://en.wikipedia.org/wiki/Mr._Lonely_(Bobby_Vinton_song),https://en.wikipedia.org/wiki/Bobby_Vinton
124,Come See About Me,The Supremes,1964-12-19,1964,2,1965-01-16,Y,https://en.wikipedia.org/wiki/Come_See_About_Me,https://en.wikipedia.org/wiki/The_Supremes
125,I Feel Fine,The Beatles,1964-12-26,1964,3,1965-01-09,N,https://en.wikipedia.org/wiki/I_Feel_Fine,https://en.wikipedia.org/wiki/The_Beatles
126,Downtown,Petula Clark,1965-01-23,1965,2,1965-01-30,N,https://en.wikipedia.org/wiki/Downtown_(Petula_Clark_song),https://en.wikipedia.org/wiki/Petula_Clark
127,You've Lost That Lovin' Feelin',The Righteous Brothers,1965-02-06,1965,2,1965-02-13,N,https://en.wikipedia.org/wiki/You've_Lost_That_Lovin'_Feelin',https://en.wikipedia.org/wiki/The_Righteous_Brothers
128,This Diamond Ring,Gary Lewis & the Playboys,1965-02-20,1965,2,1965-02-27,N,https://en.wikipedia.org/wiki/This_Diamond_Ring,https://en.wikipedia.org/wiki/Gary_Lewis_&_the_Playboys
129,My Girl,The Temptations,1965-03-06,1965,1,1965-03-06,N,https://en.wikipedia.org/wiki/My_Girl_(The_Temptations_song),https://en.wikipedia.org/wiki/The_Temptations
130,Eight Days a Week,The Beatles,1965-03-13,1965,2,1965-03-20,N,https://en.wikipedia.org/wiki/Eight_Days_a_Week,https://en.wikipedia.org/wiki/The_Beatles
131,Stop! In the Name of Love,The Supremes,1965-03-27,1965,2,1965-04-03,N,https://en.wikipedia.org/wiki/Stop!_In_the_Name_of_Love,https://en.wikipedia.org/wiki/The_Supremes
132,I'm Telling You Now,Freddie and the Dreamers,1965-04-10,1965,2,1965-04-17,N,https://en.wikipedia.org/wiki/I'm_Telling_You_Now,https://en.wikipedia.org/wiki/Freddie_and_the_Dreamers
133,The Game of Love,Wayne Fontana and the Mindbenders,1965-04-24,1965,1,1965-04-24,N,https://en.wikipedia.org/wiki/The_Game_of_Love_(Wayne_Fontana_and_the_Mindbenders_song),https://en.wikipedia.org/wiki/Wayne_Fontana
134,"Mrs. Brown, You've Got a Lovely Daughter",Herman's Hermits,1965-05-01,1965,3,1965-05-15,N,"https://en.wikipedia.org/wiki/Mrs._Brown,_You've_Got_a_Lovely_Daughter",https://en.wikipedia.org/wiki/Herman's_Hermits
135,Ticket to Ride,The Beatles,1965-05-22,1965,1,1965-05-22,N,https://en.wikipedia.org/wiki/Ticket_to_Ride_(song),https://en.wikipedia.org/wiki/The_Beatles
136,"Help Me, Rhonda",The Beach Boys,1965-05-29,1965,2,1965-06-05,N,"https://en.wikipedia.org/wiki/Help_Me,_Rhonda",https://en.wikipedia.org/wiki/The_Beach_Boys
137,Back in My Arms Again,The Supremes,1965-06-12,1965,1,1965-06-12,N,https://en.wikipedia.org/wiki/Back_in_My_Arms_Again,https://en.wikipedia.org/wiki/The_Supremes
138,I Can't Help Myself (Sugar Pie Honey Bunch),Four Tops,1965-06-19,1965,2,1965-07-03,Y,https://en.wikipedia.org/wiki/I_Can't_Help_Myself_(Sugar_Pie_Honey_Bunch),https://en.wikipedia.org/wiki/Four_Tops
139,Mr. Tambourine Man,The Byrds,1965-06-26,1965,1,1965-06-26,N,https://en.wikipedia.org/wiki/Mr._Tambourine_Man,https://en.wikipedia.org/wiki/The_Byrds
140,(I Can't Get No) Satisfaction,The Rolling Stones,1965-07-10,1965,4,1965-07-31,N,https://en.wikipedia.org/wiki/(I_Can't_Get_No)_Satisfaction,https://en.wikipedia.org/wiki/The_Rolling_Stones
141,"I'm Henry VIII, I Am",Herman's Hermits,1965-08-07,1965,1,1965-08-07,N,"https://en.wikipedia.org/wiki/I'm_Henery_the_Eighth,_I_Am",https://en.wikipedia.org/wiki/Herman's_Hermits
142,I Got You Babe,Sonny & Cher,1965-08-14,1965,3,1965-08-28,N,https://en.wikipedia.org/wiki/I_Got_You_Babe,https://en.wikipedia.org/wiki/Sonny_&_Cher
143,Help!,The Beatles,1965-09-04,1965,3,1965-09-18,N,https://en.wikipedia.org/wiki/Help!_(song),https://en.wikipedia.org/wiki/The_Beatles
144,Eve of Destruction,Barry McGuire,1965-09-25,1965,1,1965-09-25,N,https://en.wikipedia.org/wiki/Eve_of_Destruction_(song),https://en.wikipedia.org/wiki/Barry_McGuire
145,Hang On Sloopy,The McCoys,1965-10-02,1965,1,1965-10-02,N,https://en.wikipedia.org/wiki/Hang_On_Sloopy,https://en.wikipedia.org/wiki/The_McCoys
146,Yesterday,The Beatles,1965-10-09,1965,4,1965-10-30,N,https://en.wikipedia.org/wiki/Yesterday_(song),https://en.wikipedia.org/wiki/The_Beatles
147,Get Off of My Cloud,The Rolling Stones,1965-11-06,1965,2,1965-11-13,N,https://en.wikipedia.org/wiki/Get_Off_of_My_Cloud,https://en.wikipedia.org/wiki/The_Rolling_Stones
148,I Hear a Symphony,The Supremes,1965-11-20,1965,2,1965-11-27,N,https://en.wikipedia.org/wiki/I_Hear_a_Symphony,https://en.wikipedia.org/wiki/The_Supremes
149,Turn! Turn! Turn! (To Everything There Is a Season),The Byrds,1965-12-04,1965,3,1965-12-18,N,https://en.wikipedia.org/wiki/Turn!_Turn!_Turn!,https://en.wikipedia.org/wiki/The_Byrds
150,Over and Over,The Dave Clark Five,1965-12-25,1965,1,1965-12-25,N,https://en.wikipedia.org/wiki/Over_and_Over_(Bobby_Day_song),https://en.wikipedia.org/wiki/The_Dave_Clark_Five
151,The Sound of Silence,Simon & Garfunkel,1966-01-01,1966,2,1966-01-22,Y,https://en.wikipedia.org/wiki/The_Sound_of_Silence,https://en.wikipedia.org/wiki/Simon_&_Garfunkel
152,We Can Work It Out,The Beatles,1966-01-08,1966,3,1966-01-29,Y,https://en.wikipedia.org/wiki/We_Can_Work_It_Out,https://en.wikipedia.org/wiki/The_Beatles
153,My Love,Petula Clark,1966-02-05,1966,2,1966-02-12,N,https://en.wikipedia.org/wiki/My_Love_(Petula_Clark_song),https://en.wikipedia.org/wiki/Petula_Clark
154,Lightnin' Strikes,Lou Christie,1966-02-19,1966,1,1966-02-19,N,https://en.wikipedia.org/wiki/Lightnin'_Strikes,https://en.wikipedia.org/wiki/Lou_Christie
155,These Boots Are Made for Walkin',Nancy Sinatra,1966-02-26,1966,1,1966-02-26,N,https://en.wikipedia.org/wiki/These_Boots_Are_Made_for_Walkin',https://en.wikipedia.org/wiki/Nancy_Sinatra
156,The Ballad of the Green Berets,SSgt. Barry Sadler,1966-03-05,1966,5,1966-04-02,N,https://en.wikipedia.org/wiki/The_Ballad_of_the_Green_Berets,https://en.wikipedia.org/wiki/SSgt._Barry_Sadler
157,(You're My) Soul and Inspiration,The Righteous Brothers,1966-04-09,1966,3,1966-04-23,N,https://en.wikipedia.org/wiki/(You're_My)_Soul_and_Inspiration,https://en.wikipedia.org/wiki/The_Righteous_Brothers
158,Good Lovin',The Young Rascals,1966-04-30,1966,1,1966-04-30,N,https://en.wikipedia.org/wiki/Good_Lovin',https://en.wikipedia.org/wiki/The_Rascals
159,"Monday, Monday",The Mamas & the Papas,1966-05-07,1966,3,1966-05-21,N,"https://en.wikipedia.org/wiki/Monday,_Monday",https://en.wikipedia.org/wiki/The_Mamas_&_the_Papas
160,When a Man Loves a Woman,Percy Sledge,1966-05-28,1966,2,1966-06-04,N,https://en.wikipedia.org/wiki/When_a_Man_Loves_a_Woman_(song),https://en.wikipedia.org/wiki/Percy_Sledge
161,Paint It Black,The Rolling Stones,1966-06-11,1966,2,1966-06-18,N,https://en.wikipedia.org/wiki/Paint_It_Black,https://en.wikipedia.org/wiki/The_Rolling_Stones
162,Paperback Writer,The Beatles,1966-06-25,1966,2,1966-07-09,Y,https://en.wikipedia.org/wiki/Paperback_Writer,https://en.wikipedia.org/wiki/The_Beatles
163,Strangers in the Night,Frank Sinatra,1966-07-02,1966,1,1966-07-02,N,https://en.wikipedia.org/wiki/Strangers_in_the_Night,https://en.wikipedia.org/wiki/Frank_Sinatra
164,Hanky Panky,Tommy James and the Shondells,1966-07-16,1966,2,1966-07-23,N,https://en.wikipedia.org/wiki/Hanky_Panky_(Tommy_James_and_the_Shondells_song),https://en.wikipedia.org/wiki/Tommy_James_and_the_Shondells
165,Wild Thing,The Troggs,1966-07-30,1966,2,1966-08-06,N,https://en.wikipedia.org/wiki/Wild_Thing_(The_Troggs_song),https://en.wikipedia.org/wiki/The_Troggs
166,Summer in the City,The Lovin' Spoonful,1966-08-13,1966,3,1966-08-27,N,https://en.wikipedia.org/wiki/Summer_in_the_City_(song),https://en.wikipedia.org/wiki/The_Lovin'_Spoonful
167,Sunshine Superman,Donovan,1966-09-03,1966,1,1966-09-03,N,https://en.wikipedia.org/wiki/Sunshine_Superman_(song),https://en.wikipedia.org/wiki/Donovan
168,You Can't Hurry Love,The Supremes,1966-09-10,1966,2,1966-09-17,N,https://en.wikipedia.org/wiki/You_Can't_Hurry_Love,https://en.wikipedia.org/wiki/The_Supremes
169,Cherish,The Association,1966-09-24,1966,3,1966-10-08,N,https://en.wikipedia.org/wiki/Cherish_(The_Association_song),https://en.wikipedia.org/wiki/The_Association
170,Reach Out I'll Be There,Four Tops,1966-10-15,1966,2,1966-10-22,N,https://en.wikipedia.org/wiki/Reach_Out_I'll_Be_There,https://en.wikipedia.org/wiki/Four_Tops
171,96 Tears,? and the Mysterians,1966-10-29,1966,1,1966-10-29,N,https://en.wikipedia.org/wiki/96_Tears,https://en.wikipedia.org/wiki/%3F_and_the_Mysterians
172,Last Train to Clarksville,The Monkees,1966-11-05,1966,1,1966-11-05,N,https://en.wikipedia.org/wiki/Last_Train_to_Clarksville,https://en.wikipedia.org/wiki/The_Monkees
173,Poor Side of Town,Johnny Rivers,1966-11-12,1966,1,1966-11-12,N,https://en.wikipedia.org/wiki/Poor_Side_of_Town_(Johnny_Rivers_song),https://en.wikipedia.org/wiki/Johnny_Rivers
174,You Keep Me Hangin' On,The Supremes,1966-11-19,1966,2,1966-11-26,N,https://en.wikipedia.org/wiki/You_Keep_Me_Hangin'_On,https://en.wikipedia.org/wiki/The_Supremes
175,Winchester Cathedral,The New Vaudeville Band,1966-12-03,1966,3,1966-12-24,Y,https://en.wikipedia.org/wiki/Winchester_Cathedral_(song),https://en.wikipedia.org/wiki/The_New_Vaudeville_Band
176,Good Vibrations,The Beach Boys,1966-12-10,1966,1,1966-12-10,N,https://en.wikipedia.org/wiki/Good_Vibrations,https://en.wikipedia.org/wiki/The_Beach_Boys
177,I'm a Believer,The Monkees,1966-12-31,1966,7,1967-02-11,N,https://en.wikipedia.org/wiki/I'm_a_Believer,https://en.wikipedia.org/wiki/The_Monkees
178,Kind of a Drag,The Buckinghams,1967-02-18,1967,2,1967-02-25,N,https://en.wikipedia.org/wiki/Kind_of_a_Drag,https://en.wikipedia.org/wiki/The_Buckinghams
179,Ruby Tuesday,The Rolling Stones,1967-03-04,1967,1,1967-03-04,N,https://en.wikipedia.org/wiki/Ruby_Tuesday_(song),https://en.wikipedia.org/wiki/The_Rolling_Stones
180,Love Is Here and Now You're Gone,The Supremes,1967-03-11,1967,1,1967-03-11,N,https://en.wikipedia.org/wiki/Love_Is_Here_and_Now_You're_Gone,https://en.wikipedia.org/wiki/The_Supremes
181,Penny Lane,The Beatles,1967-03-18,1967,1,1967-03-18,N,https://en.wikipedia.org/wiki/Penny_Lane,https://en.wikipedia.org/wiki/The_Beatles
182,Happy Together,The Turtles,1967-03-25,1967,3,1967-04-08,N,https://en.wikipedia.org/wiki/Happy_Together_(song),https://en.wikipedia.org/wiki/The_Turtles
183,Somethin' Stupid,Nancy Sinatra and Frank Sinatra,1967-04-15,1967,4,1967-05-06,N,https://en.wikipedia.org/wiki/Somethin'_Stupid,https://en.wikipedia.org/wiki/Nancy_Sinatra
184,The Happening,The Supremes,1967-05-13,1967,1,1967-05-13,N,https://en.wikipedia.org/wiki/The_Happening_(song),https://en.wikipedia.org/wiki/The_Supremes
185,Groovin',The Young Rascals,1967-05-20,1967,4,1967-06-24,Y,https://en.wikipedia.org/wiki/Groovin',https://en.wikipedia.org/wiki/The_Rascals
186,Respect,Aretha Franklin,1967-06-03,1967,2,1967-06-10,N,https://en.wikipedia.org/wiki/Respect_(song),https://en.wikipedia.org/wiki/Aretha_Franklin
187,Windy,The Association,1967-07-01,1967,4,1967-07-22,N,https://en.wikipedia.org/wiki/Windy_(song),https://en.wikipedia.org/wiki/The_Association
188,Light My Fire,The Doors,1967-07-29,1967,3,1967-08-12,N,https://en.wikipedia.org/wiki/Light_My_Fire,https://en.wikipedia.org/wiki/The_Doors
189,All You Need Is Love,The Beatles,1967-08-19,1967,1,1967-08-19,N,https://en.wikipedia.org/wiki/All_You_Need_Is_Love,https://en.wikipedia.org/wiki/The_Beatles
190,Ode to Billie Joe,Bobbie Gentry,1967-08-26,1967,4,1967-09-16,N,https://en.wikipedia.org/wiki/Ode_to_Billie_Joe,https://en.wikipedia.org/wiki/Bobbie_Gentry
191,The Letter,The Box Tops,1967-09-23,1967,4,1967-10-14,N,https://en.wikipedia.org/wiki/The_Letter_(Box_Tops_song),https://en.wikipedia.org/wiki/The_Box_Tops
192,To Sir With Love,Lulu,1967-10-21,1967,5,1967-11-18,N,https://en.wikipedia.org/wiki/To_Sir_with_Love_(song),https://en.wikipedia.org/wiki/Lulu_(singer)
193,Incense and Peppermints,Strawberry Alarm Clock,1967-11-25,1967,1,1967-11-25,N,https://en.wikipedia.org/wiki/Incense_and_Peppermints,https://en.wikipedia.org/wiki/Strawberry_Alarm_Clock
194,Daydream Believer,The Monkees,1967-12-02,1967,4,1967-12-23,N,https://en.wikipedia.org/wiki/Daydream_Believer,https://en.wikipedia.org/wiki/The_Monkees
195,"Hello, Goodbye",The Beatles,1967-12-30,1967,3,1968-01-13,N,"https://en.wikipedia.org/wiki/Hello,_Goodbye",https://en.wikipedia.org/wiki/The_Beatles
196,Judy in Disguise (With Glasses),John Fred and his Playboy Band,1968-01-20,1968,2,1968-01-27,N,https://en.wikipedia.org/wiki/Judy_in_Disguise_(With_Glasses),https://en.wikipedia.org/wiki/John_Fred_and_his_Playboy_Band
197,Green Tambourine,The Lemon Pipers,1968-02-03,1968,1,1968-02-03,N,https://en.wikipedia.org/wiki/Green_Tambourine,https://en.wikipedia.org/wiki/The_Lemon_Pipers
198,Love Is Blue,Paul Mauriat,1968-02-10,1968,5,1968-03-09,N,https://en.wikipedia.org/wiki/L'amour_est_bleu,https://en.wikipedia.org/wiki/Paul_Mauriat
199,(Sittin' On) The Dock of the Bay,Otis Redding,1968-03-16,1968,4,1968-04-06,N,https://en.wikipedia.org/wiki/(Sittin'_On)_The_Dock_of_the_Bay,https://en.wikipedia.org/wiki/Otis_Redding
200,Honey,Bobby Goldsboro,1968-04-13,1968,5,1968-05-11,N,https://en.wikipedia.org/wiki/Honey_(Bobby_Goldsboro_song),https://en.wikipedia.org/wiki/Bobby_Goldsboro
201,Tighten Up,Archie Bell & the Drells,1968-05-18,1968,2,1968-05-25,N,https://en.wikipedia.org/wiki/Tighten_Up_(Archie_Bell_&_the_Drells_song),https://en.wikipedia.org/wiki/Archie_Bell_&_the_Drells
202,Mrs. Robinson,Simon & Garfunkel,1968-06-01,1968,3,1968-06-15,N,https://en.wikipedia.org/wiki/Mrs._Robinson,https://en.wikipedia.org/wiki/Simon_&_Garfunkel
203,This Guy's in Love with You,Herb Alpert,1968-06-22,1968,4,1968-07-13,N,https://en.wikipedia.org/wiki/This_Guy's_in_Love_with_You,https://en.wikipedia.org/wiki/Herb_Alpert
204,Grazing in the Grass,Hugh Masekela,1968-07-20,1968,2,1968-07-27,N,https://en.wikipedia.org/wiki/Grazing_in_the_Grass,https://en.wikipedia.org/wiki/Hugh_Masekela
205,"Hello, I Love You",The Doors,1968-08-03,1968,2,1968-08-10,N,"https://en.wikipedia.org/wiki/Hello,_I_Love_You",https://en.wikipedia.org/wiki/The_Doors
206,People Got to Be Free,The Rascals,1968-08-17,1968,5,1968-09-14,N,https://en.wikipedia.org/wiki/People_Got_to_Be_Free,https://en.wikipedia.org/wiki/The_Rascals
207,Harper Valley PTA,Jeannie C. Riley,1968-09-21,1968,1,1968-09-21,N,https://en.wikipedia.org/wiki/Harper_Valley_PTA,https://en.wikipedia.org/wiki/Jeannie_C._Riley
208,Hey Jude,The Beatles,1968-09-28,1968,9,1968-11-23,N,https://en.wikipedia.org/wiki/Hey_Jude,https://en.wikipedia.org/wiki/The_Beatles
209,Love Child,Diana Ross & the Supremes,1968-11-30,1968,2,1968-12-07,N,https://en.wikipedia.org/wiki/Love_Child_(song),https://en.wikipedia.org/wiki/The_Supremes
210,I Heard It Through the Grapevine,Marvin Gaye,1968-12-14,1968,7,1969-01-25,N,https://en.wikipedia.org/wiki/I_Heard_It_Through_the_Grapevine,https://en.wikipedia.org/wiki/Marvin_Gaye
211,Crimson and Clover,Tommy James and the Shondells,1969-02-01,1969,2,1969-02-08,N,https://en.wikipedia.org/wiki/Crimson_and_Clover,https://en.wikipedia.org/wiki/Tommy_James_and_the_Shondells
212,Everyday People,Sly & the Family Stone,1969-02-15,1969,4,1969-03-08,N,https://en.wikipedia.org/wiki/Everyday_People,https://en.wikipedia.org/wiki/Sly_&_the_Family_Stone
213,Dizzy,Tommy Roe,1969-03-15,1969,4,1969-04-05,N,https://en.wikipedia.org/wiki/Dizzy_(Tommy_Roe_song),https://en.wikipedia.org/wiki/Tommy_Roe
214,Medley: Aquarius/Let the Sunshine In (The Flesh Failures),The 5th Dimension,1969-04-12,1969,6,1969-05-17,N,https://en.wikipedia.org/wiki/Aquarius/Let_the_Sunshine_In,https://en.wikipedia.org/wiki/The_5th_Dimension
215,Get Back,The Beatles with Billy Preston,1969-05-24,1969,5,1969-06-21,N,https://en.wikipedia.org/wiki/Get_Back,https://en.wikipedia.org/wiki/The_Beatles
216,Love Theme from Romeo and Juliet,Henry Mancini,1969-06-28,1969,2,1969-07-05,N,https://en.wikipedia.org/wiki/Love_Theme_from_Romeo_and_Juliet,https://en.wikipedia.org/wiki/Henry_Mancini
217,In the Year 2525 (Exordium and Terminus),Zager and Evans,1969-07-12,1969,6,1969-08-16,N,https://en.wikipedia.org/wiki/In_the_Year_2525_(Exordium_and_Terminus),https://en.wikipedia.org/wiki/Zager_and_Evans
218,Honky Tonk Women,The Rolling Stones,1969-08-23,1969,4,1969-09-13,N,https://en.wikipedia.org/wiki/Honky_Tonk_Women,https://en.wikipedia.org/wiki/The_Rolling_Stones
219,"Sugar, Sugar",The Archies,1969-09-20,1969,4,1969-10-11,N,"https://en.wikipedia.org/wiki/Sugar,_Sugar",https://en.wikipedia.org/wiki/The_Archies
220,I Can't Get Next to You,The Temptations,1969-10-18,1969,2,1969-10-25,N,https://en.wikipedia.org/wiki/I_Can't_Get_Next_to_You,https://en.wikipedia.org/wiki/The_Temptations
221,Suspicious Minds,Elvis Presley,1969-11-01,1969,1,1969-11-01,N,https://en.wikipedia.org/wiki/Suspicious_Minds,https://en.wikipedia.org/wiki/Elvis_Presley
222,Wedding Bell Blues,The 5th Dimension,1969-11-08,1969,3,1969-11-22,N,https://en.wikipedia.org/wiki/Wedding_Bell_Blues,https://en.wikipedia.org/wiki/The_5th_Dimension
223,"Come Together"" / ""Something",The Beatles,1969-11-29,1969,1,1969-11-29,N,https://en.wikipedia.org/wiki/Come_Together,https://en.wikipedia.org/wiki/The_Beatles
224,Na Na Hey Hey Kiss Him Goodbye,Steam,1969-12-06,1969,2,1969-12-13,N,https://en.wikipedia.org/wiki/Na_Na_Hey_Hey_Kiss_Him_Goodbye,https://en.wikipedia.org/wiki/Steam_(band)
225,Leaving on a Jet Plane,"Peter, Paul and Mary",1969-12-20,1969,1,1969-12-20,N,https://en.wikipedia.org/wiki/Leaving_on_a_Jet_Plane,"https://en.wikipedia.org/wiki/Peter,_Paul_and_Mary"
226,Someday We'll Be Together,Diana Ross & the Supremes,1969-12-27,1969,1,1969-12-27,N,https://en.wikipedia.org/wiki/Someday_We'll_Be_Together,https://en.wikipedia.org/wiki/The_Supremes
227,Raindrops Keep Fallin' on My Head,B. J. Thomas,1970-01-03,1970,4,1970-01-24,N,https://en.wikipedia.org/wiki/Raindrops_Keep_Fallin'_on_My_Head,https://en.wikipedia.org/wiki/B._J._Thomas
228,I Want You Back,The Jackson 5,1970-01-31,1970,1,1970-01-31,N,https://en.wikipedia.org/wiki/I_Want_You_Back,https://en.wikipedia.org/wiki/The_Jackson_5
229,Venus,Shocking Blue,1970-02-07,1970,1,1970-02-07,N,https://en.wikipedia.org/wiki/Venus_(Shocking_Blue_song),https://en.wikipedia.org/wiki/Shocking_Blue
230,"Thank You (Falettinme Be Mice Elf Agin)"" / ""Everybody Is a Star",Sly & the Family Stone,1970-02-14,1970,2,1970-02-21,N,https://en.wikipedia.org/wiki/Thank_You_(Falettinme_Be_Mice_Elf_Agin),https://en.wikipedia.org/wiki/Sly_&_the_Family_Stone
231,Bridge over Troubled Water,Simon & Garfunkel,1970-02-28,1970,6,1970-04-04,N,https://en.wikipedia.org/wiki/Bridge_over_Troubled_Water_(song),https://en.wikipedia.org/wiki/Simon_&_Garfunkel
232,Let It Be,The Beatles,1970-04-11,1970,2,1970-04-18,N,https://en.wikipedia.org/wiki/Let_It_Be_(song),https://en.wikipedia.org/wiki/The_Beatles
233,ABC,The Jackson 5,1970-04-25,1970,2,1970-05-02,N,https://en.wikipedia.org/wiki/ABC_(The_Jackson_5_song),https://en.wikipedia.org/wiki/The_Jackson_5
234,"American Woman"" / ""No Sugar Tonight",The Guess Who,1970-05-09,1970,3,1970-05-23,N,https://en.wikipedia.org/wiki/American_Woman,https://en.wikipedia.org/wiki/The_Guess_Who
235,Everything Is Beautiful,Ray Stevens,1970-05-30,1970,2,1970-06-06,N,https://en.wikipedia.org/wiki/Everything_Is_Beautiful,https://en.wikipedia.org/wiki/Ray_Stevens
236,"The Long and Winding Road"" / ""For You Blue",The Beatles,1970-06-13,1970,2,1970-06-20,N,https://en.wikipedia.org/wiki/The_Long_and_Winding_Road,https://en.wikipedia.org/wiki/The_Beatles
237,The Love You Save,The Jackson 5,1970-06-27,1970,2,1970-07-04,N,https://en.wikipedia.org/wiki/The_Love_You_Save,https://en.wikipedia.org/wiki/The_Jackson_5
238,Mama Told Me (Not to Come),Three Dog Night,1970-07-11,1970,2,1970-07-18,N,https://en.wikipedia.org/wiki/Mama_Told_Me_Not_to_Come,https://en.wikipedia.org/wiki/Three_Dog_Night
239,(They Long to Be) Close to You,The Carpenters,1970-07-25,1970,4,1970-08-15,N,https://en.wikipedia.org/wiki/(They_Long_to_Be)_Close_to_You,https://en.wikipedia.org/wiki/The_Carpenters
240,Make It with You,Bread,1970-08-22,1970,1,1970-08-22,N,https://en.wikipedia.org/wiki/Make_It_with_You,https://en.wikipedia.org/wiki/Bread_(band)
241,War,Edwin Starr,1970-08-29,1970,3,1970-09-12,N,NA,https://en.wikipedia.org/wiki/Edwin_Starr
242,Ain't No Mountain High Enough,Diana Ross,1970-09-19,1970,3,1970-10-03,N,NA,https://en.wikipedia.org/wiki/Diana_Ross
243,Cracklin' Rosie,Neil Diamond,1970-10-10,1970,1,1970-10-10,N,https://en.wikipedia.org/wiki/Cracklin'_Rosie,https://en.wikipedia.org/wiki/Neil_Diamond
244,I'll Be There,The Jackson 5,1970-10-17,1970,5,1970-11-14,N,https://en.wikipedia.org/wiki/I'll_Be_There_(Jackson_5_song),https://en.wikipedia.org/wiki/The_Jackson_5
245,I Think I Love You,The Partridge Family,1970-11-21,1970,3,1970-12-05,N,https://en.wikipedia.org/wiki/I_Think_I_Love_You,https://en.wikipedia.org/wiki/The_Partridge_Family
246,The Tears of a Clown,Smokey Robinson & the Miracles,1970-12-12,1970,2,1970-12-19,N,https://en.wikipedia.org/wiki/The_Tears_of_a_Clown,https://en.wikipedia.org/wiki/The_Miracles
247,"My Sweet Lord"" / ""Isn't It a Pity",George Harrison,1970-12-26,1970,4,1971-01-16,N,https://en.wikipedia.org/wiki/My_Sweet_Lord,https://en.wikipedia.org/wiki/George_Harrison
248,Knock Three Times,Dawn,1971-01-23,1971,3,1971-02-06,N,https://en.wikipedia.org/wiki/Knock_Three_Times,https://en.wikipedia.org/wiki/Tony_Orlando_and_Dawn
249,One Bad Apple,The Osmonds,1971-02-13,1971,5,1971-03-13,N,https://en.wikipedia.org/wiki/One_Bad_Apple,https://en.wikipedia.org/wiki/The_Osmonds
250,Me and Bobby McGee,Janis Joplin,1971-03-20,1971,2,1971-03-27,N,https://en.wikipedia.org/wiki/Me_and_Bobby_McGee,https://en.wikipedia.org/wiki/Janis_Joplin
251,Just My Imagination (Running Away with Me),The Temptations,1971-04-03,1971,2,1971-04-10,N,https://en.wikipedia.org/wiki/Just_My_Imagination_(Running_Away_with_Me),https://en.wikipedia.org/wiki/The_Temptations
252,Joy to the World,Three Dog Night,1971-04-17,1971,6,1971-05-22,N,https://en.wikipedia.org/wiki/Joy_to_the_World_(Three_Dog_Night_song),https://en.wikipedia.org/wiki/Three_Dog_Night
253,Brown Sugar,The Rolling Stones,1971-05-29,1971,2,1971-06-05,N,https://en.wikipedia.org/wiki/Brown_Sugar_(Rolling_Stones_song),https://en.wikipedia.org/wiki/The_Rolling_Stones
254,Want Ads,Honey Cone,1971-06-12,1971,1,1971-06-12,N,https://en.wikipedia.org/wiki/Want_Ads,https://en.wikipedia.org/wiki/Honey_Cone
255,"It's Too Late"" / ""I Feel the Earth Move",Carole King,1971-06-19,1971,5,1971-07-17,N,https://en.wikipedia.org/wiki/It's_Too_Late_(Carole_King_song),https://en.wikipedia.org/wiki/Carole_King
256,Indian Reservation (The Lament of the Cherokee Reservation Indian),The Raiders,1971-07-24,1971,1,1971-07-24,N,https://en.wikipedia.org/wiki/Indian_Reservation_(The_Lament_of_the_Cherokee_Reservation_Indian),https://en.wikipedia.org/wiki/Paul_Revere_&_the_Raiders
257,You've Got a Friend,James Taylor,1971-07-31,1971,1,1971-07-31,N,https://en.wikipedia.org/wiki/You've_Got_a_Friend,https://en.wikipedia.org/wiki/James_Taylor
258,How Can You Mend a Broken Heart,Bee Gees,1971-08-07,1971,4,1971-08-28,N,https://en.wikipedia.org/wiki/How_Can_You_Mend_a_Broken_Heart,https://en.wikipedia.org/wiki/Bee_Gees
259,Uncle Albert/Admiral Halsey,Paul & Linda McCartney,1971-09-04,1971,1,1971-09-04,N,https://en.wikipedia.org/wiki/Uncle_Albert/Admiral_Halsey,https://en.wikipedia.org/wiki/Paul_McCartney
260,Go Away Little Girl,Donny Osmond,1971-09-11,1971,3,1971-09-25,N,https://en.wikipedia.org/wiki/Go_Away_Little_Girl,https://en.wikipedia.org/wiki/Donny_Osmond
261,"Maggie May"" / ""Reason to Believe",Rod Stewart,1971-10-02,1971,5,1971-10-30,N,https://en.wikipedia.org/wiki/Maggie_May,https://en.wikipedia.org/wiki/Rod_Stewart
262,"Gypsys, Tramps & Thieves",Cher,1971-11-06,1971,2,1971-11-13,N,"https://en.wikipedia.org/wiki/Gypsys,_Tramps_&_Thieves",https://en.wikipedia.org/wiki/Cher
263,Theme from Shaft,Isaac Hayes,1971-11-20,1971,2,1971-11-27,N,https://en.wikipedia.org/wiki/Theme_from_Shaft,https://en.wikipedia.org/wiki/Isaac_Hayes
264,Family Affair,Sly and the Family Stone,1971-12-04,1971,3,1971-12-18,N,https://en.wikipedia.org/wiki/Family_Affair_(Sly_and_the_Family_Stone_song),https://en.wikipedia.org/wiki/Sly_and_the_Family_Stone
265,Brand New Key,Melanie,1971-12-25,1971,3,1972-01-08,N,https://en.wikipedia.org/wiki/Brand_New_Key,https://en.wikipedia.org/wiki/Melanie_(singer)
266,American Pie,Don McLean,1972-01-15,1972,4,1972-02-05,N,https://en.wikipedia.org/wiki/American_Pie_(song),https://en.wikipedia.org/wiki/Don_McLean
267,Let's Stay Together,Al Green,1972-02-12,1972,1,1972-02-12,N,https://en.wikipedia.org/wiki/Let's_Stay_Together_(Al_Green_song),https://en.wikipedia.org/wiki/Al_Green
268,Without You,Nilsson,1972-02-19,1972,4,1972-03-11,N,NA,https://en.wikipedia.org/wiki/Harry_Nilsson
269,Heart of Gold,Neil Young,1972-03-18,1972,1,1972-03-18,N,https://en.wikipedia.org/wiki/Heart_of_Gold_(Neil_Young_song),https://en.wikipedia.org/wiki/Neil_Young
270,A Horse with No Name,America,1972-03-25,1972,3,1972-04-08,N,https://en.wikipedia.org/wiki/A_Horse_with_No_Name,https://en.wikipedia.org/wiki/America_(band)
271,The First Time Ever I Saw Your Face,Roberta Flack,1972-04-15,1972,6,1972-05-20,N,https://en.wikipedia.org/wiki/The_First_Time_Ever_I_Saw_Your_Face,https://en.wikipedia.org/wiki/Roberta_Flack
272,Oh Girl,The Chi-Lites,1972-05-27,1972,1,1972-05-27,N,https://en.wikipedia.org/wiki/Oh_Girl,https://en.wikipedia.org/wiki/The_Chi-Lites
273,I'll Take You There,The Staple Singers,1972-06-03,1972,1,1972-06-03,N,https://en.wikipedia.org/wiki/I'll_Take_You_There,https://en.wikipedia.org/wiki/The_Staple_Singers
274,The Candy Man,Sammy Davis Jr.,1972-06-10,1972,3,1972-06-24,N,NA,https://en.wikipedia.org/wiki/Sammy_Davis_Jr.
275,Song Sung Blue,Neil Diamond,1972-07-01,1972,1,1972-07-01,N,https://en.wikipedia.org/wiki/Song_Sung_Blue,https://en.wikipedia.org/wiki/Neil_Diamond
276,Lean on Me,Bill Withers,1972-07-08,1972,3,1972-07-22,N,https://en.wikipedia.org/wiki/Lean_on_Me_(song),https://en.wikipedia.org/wiki/Bill_Withers
277,Alone Again (Naturally),Gilbert O'Sullivan,1972-07-29,1972,6,1972-09-09,Y,https://en.wikipedia.org/wiki/Alone_Again_(Naturally),https://en.wikipedia.org/wiki/Gilbert_O'Sullivan
278,Brandy (You're a Fine Girl),Looking Glass,1972-08-26,1972,1,1972-08-26,N,https://en.wikipedia.org/wiki/Brandy_(You're_a_Fine_Girl),https://en.wikipedia.org/wiki/Looking_Glass_(band)
279,Black and White,Three Dog Night,1972-09-16,1972,1,1972-09-16,N,https://en.wikipedia.org/wiki/Black_and_White_(Three_Dog_Night_song),https://en.wikipedia.org/wiki/Three_Dog_Night
280,"Baby, Don't Get Hooked on Me",Mac Davis,1972-09-23,1972,3,1972-10-07,N,"https://en.wikipedia.org/wiki/Baby,_Don't_Get_Hooked_on_Me",https://en.wikipedia.org/wiki/Mac_Davis
281,Ben,Michael Jackson,1972-10-14,1972,1,1972-10-14,N,https://en.wikipedia.org/wiki/Ben_(song),https://en.wikipedia.org/wiki/Michael_Jackson
282,My Ding-a-Ling,Chuck Berry,1972-10-21,1972,2,1972-10-28,N,https://en.wikipedia.org/wiki/My_Ding-a-Ling,https://en.wikipedia.org/wiki/Chuck_Berry
283,I Can See Clearly Now,Johnny Nash,1972-11-04,1972,4,1972-11-25,N,https://en.wikipedia.org/wiki/I_Can_See_Clearly_Now,https://en.wikipedia.org/wiki/Johnny_Nash
284,Papa Was a Rollin' Stone,The Temptations,1972-12-02,1972,1,1972-12-02,N,https://en.wikipedia.org/wiki/Papa_Was_a_Rollin'_Stone,https://en.wikipedia.org/wiki/The_Temptations
285,I Am Woman,Helen Reddy,1972-12-09,1972,1,1972-12-09,N,https://en.wikipedia.org/wiki/I_Am_Woman,https://en.wikipedia.org/wiki/Helen_Reddy
286,Me and Mrs. Jones,Billy Paul,1972-12-16,1972,3,1972-12-30,N,https://en.wikipedia.org/wiki/Me_and_Mrs._Jones,https://en.wikipedia.org/wiki/Billy_Paul
287,You're So Vain,Carly Simon,1973-01-06,1973,3,1973-01-20,N,https://en.wikipedia.org/wiki/You're_So_Vain,https://en.wikipedia.org/wiki/Carly_Simon
288,Superstition,Stevie Wonder,1973-01-27,1973,1,1973-01-27,N,https://en.wikipedia.org/wiki/Superstition_(song),https://en.wikipedia.org/wiki/Stevie_Wonder
289,Crocodile Rock,Elton John,1973-02-03,1973,3,1973-02-17,N,https://en.wikipedia.org/wiki/Crocodile_Rock,https://en.wikipedia.org/wiki/Elton_John
290,Killing Me Softly with His Song,Roberta Flack,1973-02-24,1973,5,1973-03-31,Y,NA,https://en.wikipedia.org/wiki/Roberta_Flack
291,Love Train,The O'Jays,1973-03-24,1973,1,1973-03-24,N,https://en.wikipedia.org/wiki/Love_Train,https://en.wikipedia.org/wiki/The_O'Jays
292,The Night the Lights Went Out in Georgia,Vicki Lawrence,1973-04-07,1973,2,1973-04-14,N,https://en.wikipedia.org/wiki/The_Night_the_Lights_Went_Out_in_Georgia,https://en.wikipedia.org/wiki/Vicki_Lawrence
293,Tie a Yellow Ribbon Round the Ole Oak Tree,Dawn featuring Tony Orlando,1973-04-21,1973,4,1973-05-12,N,https://en.wikipedia.org/wiki/Tie_a_Yellow_Ribbon_Round_the_Ole_Oak_Tree,https://en.wikipedia.org/wiki/Tony_Orlando_and_Dawn
294,You Are the Sunshine of My Life,Stevie Wonder,1973-05-19,1973,1,1973-05-19,N,https://en.wikipedia.org/wiki/You_Are_the_Sunshine_of_My_Life,https://en.wikipedia.org/wiki/Stevie_Wonder
295,Frankenstein,The Edgar Winter Group,1973-05-26,1973,1,1973-05-26,N,https://en.wikipedia.org/wiki/Frankenstein_(instrumental),https://en.wikipedia.org/wiki/Edgar_Winter
296,My Love,Paul McCartney and Wings,1973-06-02,1973,4,1973-06-23,N,https://en.wikipedia.org/wiki/My_Love_(Paul_McCartney_and_Wings_song),https://en.wikipedia.org/wiki/Paul_McCartney_and_Wings
297,Give Me Love (Give Me Peace on Earth),George Harrison,1973-06-30,1973,1,1973-06-30,N,https://en.wikipedia.org/wiki/Give_Me_Love_(Give_Me_Peace_on_Earth),https://en.wikipedia.org/wiki/George_Harrison
298,Will It Go Round in Circles,Billy Preston,1973-07-07,1973,2,1973-07-14,N,https://en.wikipedia.org/wiki/Will_It_Go_Round_in_Circles,https://en.wikipedia.org/wiki/Billy_Preston
299,"Bad, Bad Leroy Brown",Jim Croce,1973-07-21,1973,2,1973-07-28,N,"https://en.wikipedia.org/wiki/Bad,_Bad_Leroy_Brown",https://en.wikipedia.org/wiki/Jim_Croce
300,The Morning After,Maureen McGovern,1973-08-04,1973,2,1973-08-11,N,https://en.wikipedia.org/wiki/The_Morning_After_(Maureen_McGovern_song),https://en.wikipedia.org/wiki/Maureen_McGovern
301,Touch Me in the Morning,Diana Ross,1973-08-18,1973,1,1973-08-18,N,https://en.wikipedia.org/wiki/Touch_Me_in_the_Morning_(song),https://en.wikipedia.org/wiki/Diana_Ross
302,Brother Louie,Stories,1973-08-25,1973,2,1973-09-01,N,https://en.wikipedia.org/wiki/Brother_Louie_(Hot_Chocolate_song),https://en.wikipedia.org/wiki/Stories_(band)
303,Let's Get It On,Marvin Gaye,1973-09-08,1973,2,1973-09-22,Y,https://en.wikipedia.org/wiki/Let's_Get_It_On_(song),https://en.wikipedia.org/wiki/Marvin_Gaye
304,Delta Dawn,Helen Reddy,1973-09-15,1973,1,1973-09-15,N,https://en.wikipedia.org/wiki/Delta_Dawn,https://en.wikipedia.org/wiki/Helen_Reddy
305,We're an American Band,Grand Funk,1973-09-29,1973,1,1973-09-29,N,https://en.wikipedia.org/wiki/We're_an_American_Band_(song),https://en.wikipedia.org/wiki/Grand_Funk_Railroad
306,Half-Breed,Cher,1973-10-06,1973,2,1973-10-13,N,https://en.wikipedia.org/wiki/Half-Breed_(song),https://en.wikipedia.org/wiki/Cher
307,Angie,The Rolling Stones,1973-10-20,1973,1,1973-10-20,N,https://en.wikipedia.org/wiki/Angie_(song),https://en.wikipedia.org/wiki/The_Rolling_Stones
308,Midnight Train to Georgia,Gladys Knight & the Pips,1973-10-27,1973,2,1973-11-03,N,https://en.wikipedia.org/wiki/Midnight_Train_to_Georgia,https://en.wikipedia.org/wiki/Gladys_Knight_&_the_Pips
309,Keep on Truckin',Eddie Kendricks,1973-11-10,1973,2,1973-11-17,N,https://en.wikipedia.org/wiki/Keep_On_Truckin'_(song),https://en.wikipedia.org/wiki/Eddie_Kendricks
310,Photograph,Ringo Starr,1973-11-24,1973,1,1973-11-24,N,https://en.wikipedia.org/wiki/Photograph_(Ringo_Starr_song),https://en.wikipedia.org/wiki/Ringo_Starr
311,Top of the World,The Carpenters,1973-12-01,1973,2,1973-12-08,N,https://en.wikipedia.org/wiki/Top_of_the_World_(The_Carpenters_song),https://en.wikipedia.org/wiki/The_Carpenters
312,The Most Beautiful Girl,Charlie Rich,1973-12-15,1973,2,1973-12-22,N,https://en.wikipedia.org/wiki/The_Most_Beautiful_Girl,https://en.wikipedia.org/wiki/Charlie_Rich
313,Time in a Bottle,Jim Croce,1973-12-29,1973,2,1974-01-05,N,https://en.wikipedia.org/wiki/Time_in_a_Bottle,https://en.wikipedia.org/wiki/Jim_Croce
314,The Joker,Steve Miller Band,1974-01-12,1974,1,1974-01-12,N,https://en.wikipedia.org/wiki/The_Joker_(Steve_Miller_Band_song),https://en.wikipedia.org/wiki/Steve_Miller_Band
315,Show and Tell,Al Wilson,1974-01-19,1974,1,1974-01-19,N,https://en.wikipedia.org/wiki/Show_and_Tell_(song),https://en.wikipedia.org/wiki/Al_Wilson_(singer)
316,You're Sixteen,Ringo Starr,1974-01-26,1974,1,1974-01-26,N,NA,https://en.wikipedia.org/wiki/Ringo_Starr
317,The Way We Were,Barbra Streisand,1974-02-02,1974,3,1974-02-23,Y,https://en.wikipedia.org/wiki/The_Way_We_Were_(song),https://en.wikipedia.org/wiki/Barbra_Streisand
318,Love's Theme,Love Unlimited Orchestra,1974-02-09,1974,1,1974-02-09,N,https://en.wikipedia.org/wiki/Love's_Theme,https://en.wikipedia.org/wiki/Love_Unlimited_Orchestra
319,Seasons in the Sun,Terry Jacks,1974-03-02,1974,3,1974-03-16,N,https://en.wikipedia.org/wiki/Seasons_in_the_Sun,https://en.wikipedia.org/wiki/Terry_Jacks
320,Dark Lady,Cher,1974-03-23,1974,1,1974-03-23,N,https://en.wikipedia.org/wiki/Dark_Lady_(song),https://en.wikipedia.org/wiki/Cher
321,Sunshine on My Shoulders,John Denver,1974-03-30,1974,1,1974-03-30,N,https://en.wikipedia.org/wiki/Sunshine_on_My_Shoulders,https://en.wikipedia.org/wiki/John_Denver
322,Hooked on a Feeling,Blue Swede,1974-04-06,1974,1,1974-04-06,N,https://en.wikipedia.org/wiki/Hooked_on_a_Feeling_(song),https://en.wikipedia.org/wiki/Blue_Swede
323,Bennie and the Jets,Elton John,1974-04-13,1974,1,1974-04-13,N,https://en.wikipedia.org/wiki/Bennie_and_the_Jets,https://en.wikipedia.org/wiki/Elton_John
324,TSOP (The Sound of Philadelphia),MFSB and The Three Degrees,1974-04-20,1974,2,1974-04-27,N,https://en.wikipedia.org/wiki/TSOP_(The_Sound_of_Philadelphia),https://en.wikipedia.org/wiki/MFSB
325,The Loco-Motion,Grand Funk,1974-05-04,1974,2,1974-05-11,N,NA,https://en.wikipedia.org/wiki/Grand_Funk_Railroad
326,The Streak,Ray Stevens,1974-05-18,1974,3,1974-06-01,N,https://en.wikipedia.org/wiki/The_Streak_(song),https://en.wikipedia.org/wiki/Ray_Stevens
327,Band on the Run,Paul McCartney and Wings,1974-06-08,1974,1,1974-06-08,N,https://en.wikipedia.org/wiki/Band_on_the_Run_(song),https://en.wikipedia.org/wiki/Paul_McCartney_and_Wings
328,Billy Don't Be a Hero,Bo Donaldson and The Heywoods,1974-06-15,1974,2,1974-06-22,N,https://en.wikipedia.org/wiki/Billy_Don't_Be_a_Hero,https://en.wikipedia.org/wiki/Bo_Donaldson_and_The_Heywoods
329,Sundown,Gordon Lightfoot,1974-06-29,1974,1,1974-06-29,N,https://en.wikipedia.org/wiki/Sundown_(Gordon_Lightfoot_song),https://en.wikipedia.org/wiki/Gordon_Lightfoot
330,Rock the Boat,The Hues Corporation,1974-07-06,1974,1,1974-07-06,N,https://en.wikipedia.org/wiki/Rock_the_Boat_(The_Hues_Corporation_song),https://en.wikipedia.org/wiki/The_Hues_Corporation
331,Rock Your Baby,George McCrae,1974-07-13,1974,2,1974-07-20,N,https://en.wikipedia.org/wiki/Rock_Your_Baby,https://en.wikipedia.org/wiki/George_McCrae
332,Annie's Song,John Denver,1974-07-27,1974,2,1974-08-03,N,https://en.wikipedia.org/wiki/Annie's_Song,https://en.wikipedia.org/wiki/John_Denver
333,Feel Like Makin' Love,Roberta Flack,1974-08-10,1974,1,1974-08-10,N,https://en.wikipedia.org/wiki/Feel_Like_Makin'_Love_(Roberta_Flack_song),https://en.wikipedia.org/wiki/Roberta_Flack
334,The Night Chicago Died,Paper Lace,1974-08-17,1974,1,1974-08-17,N,https://en.wikipedia.org/wiki/The_Night_Chicago_Died,https://en.wikipedia.org/wiki/Paper_Lace
335,(You're) Having My Baby,Paul Anka and Odia Coates,1974-08-24,1974,3,1974-09-07,N,https://en.wikipedia.org/wiki/(You're)_Having_My_Baby,https://en.wikipedia.org/wiki/Paul_Anka
336,I Shot the Sheriff,Eric Clapton,1974-09-14,1974,1,1974-09-14,N,https://en.wikipedia.org/wiki/I_Shot_the_Sheriff,https://en.wikipedia.org/wiki/Eric_Clapton
337,"Can't Get Enough of Your Love, Babe",Barry White,1974-09-21,1974,1,1974-09-21,N,"https://en.wikipedia.org/wiki/Can't_Get_Enough_of_Your_Love,_Babe",https://en.wikipedia.org/wiki/Barry_White
338,Rock Me Gently,Andy Kim,1974-09-28,1974,1,1974-09-28,N,https://en.wikipedia.org/wiki/Rock_Me_Gently_(Andy_Kim_song),https://en.wikipedia.org/wiki/Andy_Kim_(singer)
339,I Honestly Love You,Olivia Newton-John,1974-10-05,1974,2,1974-10-12,N,https://en.wikipedia.org/wiki/I_Honestly_Love_You,https://en.wikipedia.org/wiki/Olivia_Newton-John
340,Nothing From Nothing,Billy Preston,1974-10-19,1974,1,1974-10-19,N,https://en.wikipedia.org/wiki/Nothing_from_Nothing_(Billy_Preston_song),https://en.wikipedia.org/wiki/Billy_Preston
341,Then Came You,Dionne Warwick and The Spinners,1974-10-26,1974,1,1974-10-26,N,https://en.wikipedia.org/wiki/Then_Came_You_(Dionne_Warwick_and_the_Spinners_song),https://en.wikipedia.org/wiki/Dionne_Warwick
342,You Haven't Done Nothin',Stevie Wonder,1974-11-02,1974,1,1974-11-02,N,https://en.wikipedia.org/wiki/You_Haven't_Done_Nothin',https://en.wikipedia.org/wiki/Stevie_Wonder
343,You Ain't Seen Nothing Yet,Bachman–Turner Overdrive,1974-11-09,1974,1,1974-11-09,N,https://en.wikipedia.org/wiki/You_Ain't_Seen_Nothing_Yet_(Bachman-Turner_Overdrive_song),https://en.wikipedia.org/wiki/Bachman–Turner_Overdrive
344,Whatever Gets You thru the Night,John Lennon,1974-11-16,1974,1,1974-11-16,N,https://en.wikipedia.org/wiki/Whatever_Gets_You_thru_the_Night,https://en.wikipedia.org/wiki/John_Lennon
345,I Can Help,Billy Swan,1974-11-23,1974,2,1974-11-30,N,https://en.wikipedia.org/wiki/I_Can_Help,https://en.wikipedia.org/wiki/Billy_Swan
346,Kung Fu Fighting,Carl Douglas,1974-12-07,1974,2,1974-12-14,N,https://en.wikipedia.org/wiki/Kung_Fu_Fighting,https://en.wikipedia.org/wiki/Carl_Douglas
347,Cat's in the Cradle,Harry Chapin,1974-12-21,1974,1,1974-12-21,N,https://en.wikipedia.org/wiki/Cat's_in_the_Cradle,https://en.wikipedia.org/wiki/Harry_Chapin
348,Angie Baby,Helen Reddy,1974-12-28,1974,1,1974-12-28,N,https://en.wikipedia.org/wiki/Angie_Baby,https://en.wikipedia.org/wiki/Helen_Reddy
349,Lucy in the Sky with Diamonds,Elton John,1975-01-04,1975,2,1975-01-11,N,NA,https://en.wikipedia.org/wiki/Elton_John
350,Mandy,Barry Manilow,1975-01-18,1975,1,1975-01-18,N,https://en.wikipedia.org/wiki/Brandy_(Scott_English_song),https://en.wikipedia.org/wiki/Barry_Manilow
351,Please Mr. Postman,The Carpenters,1975-01-25,1975,1,1975-01-25,N,NA,https://en.wikipedia.org/wiki/The_Carpenters
352,Laughter in the Rain,Neil Sedaka,1975-02-01,1975,1,1975-02-01,N,https://en.wikipedia.org/wiki/Laughter_in_the_Rain,https://en.wikipedia.org/wiki/Neil_Sedaka
353,Fire,Ohio Players,1975-02-08,1975,1,1975-02-08,N,https://en.wikipedia.org/wiki/Fire_(Ohio_Players_song),https://en.wikipedia.org/wiki/Ohio_Players
354,You're No Good,Linda Ronstadt,1975-02-15,1975,1,1975-02-15,N,NA,https://en.wikipedia.org/wiki/Linda_Ronstadt
355,Pick Up the Pieces,Average White Band,1975-02-22,1975,1,1975-02-22,N,https://en.wikipedia.org/wiki/Pick_Up_the_Pieces_(Average_White_Band_song),https://en.wikipedia.org/wiki/Average_White_Band
356,Best of My Love,Eagles,1975-03-01,1975,1,1975-03-01,N,https://en.wikipedia.org/wiki/Best_of_My_Love_(Eagles_song),https://en.wikipedia.org/wiki/Eagles_(band)
357,Have You Never Been Mellow,Olivia Newton-John,1975-03-08,1975,1,1975-03-08,N,https://en.wikipedia.org/wiki/Have_You_Never_Been_Mellow_(song),https://en.wikipedia.org/wiki/Olivia_Newton-John
358,Black Water,The Doobie Brothers,1975-03-15,1975,1,1975-03-15,N,https://en.wikipedia.org/wiki/Black_Water_(song),https://en.wikipedia.org/wiki/The_Doobie_Brothers
359,My Eyes Adored You,Frankie Valli,1975-03-22,1975,1,1975-03-22,N,https://en.wikipedia.org/wiki/My_Eyes_Adored_You,https://en.wikipedia.org/wiki/Frankie_Valli
360,Lady Marmalade,Labelle,1975-03-29,1975,1,1975-03-29,N,https://en.wikipedia.org/wiki/Lady_Marmalade,https://en.wikipedia.org/wiki/Labelle
361,Lovin' You,Minnie Riperton,1975-04-05,1975,1,1975-04-05,N,https://en.wikipedia.org/wiki/Lovin'_You,https://en.wikipedia.org/wiki/Minnie_Riperton
362,Philadelphia Freedom,Elton John Band,1975-04-12,1975,2,1975-04-19,N,https://en.wikipedia.org/wiki/Philadelphia_Freedom_(song),https://en.wikipedia.org/wiki/Elton_John_Band
363,(Hey Won't You Play) Another Somebody Done Somebody Wrong Song,B. J. Thomas,1975-04-26,1975,1,1975-04-26,N,https://en.wikipedia.org/wiki/(Hey_Won't_You_Play)_Another_Somebody_Done_Somebody_Wrong_Song,https://en.wikipedia.org/wiki/B._J._Thomas
364,He Don't Love You (Like I Love You),Tony Orlando and Dawn,1975-05-03,1975,3,1975-05-17,N,https://en.wikipedia.org/wiki/He_Will_Break_Your_Heart,https://en.wikipedia.org/wiki/Tony_Orlando_and_Dawn
365,Shining Star,"Earth, Wind & Fire",1975-05-24,1975,1,1975-05-24,N,"https://en.wikipedia.org/wiki/Shining_Star_(Earth,_Wind_&_Fire_song)","https://en.wikipedia.org/wiki/Earth,_Wind_&_Fire"
366,Before the Next Teardrop Falls,Freddy Fender,1975-05-31,1975,1,1975-05-31,N,https://en.wikipedia.org/wiki/Before_the_Next_Teardrop_Falls_(song),https://en.wikipedia.org/wiki/Freddy_Fender
367,Thank God I'm a Country Boy,John Denver,1975-06-07,1975,1,1975-06-07,N,https://en.wikipedia.org/wiki/Thank_God_I'm_a_Country_Boy,https://en.wikipedia.org/wiki/John_Denver
368,Sister Golden Hair,America,1975-06-14,1975,1,1975-06-14,N,https://en.wikipedia.org/wiki/Sister_Golden_Hair,https://en.wikipedia.org/wiki/America_(band)
369,Love Will Keep Us Together,Captain & Tennille,1975-06-21,1975,4,1975-07-12,N,https://en.wikipedia.org/wiki/Love_Will_Keep_Us_Together,https://en.wikipedia.org/wiki/Captain_&_Tennille
370,Listen to What the Man Said,Wings,1975-07-19,1975,1,1975-07-19,N,https://en.wikipedia.org/wiki/Listen_to_What_the_Man_Said,https://en.wikipedia.org/wiki/Paul_McCartney_and_Wings
371,The Hustle,Van McCoy and the Soul City Symphony,1975-07-26,1975,1,1975-07-26,N,https://en.wikipedia.org/wiki/The_Hustle_(song),https://en.wikipedia.org/wiki/Van_McCoy
372,One of These Nights,Eagles,1975-08-02,1975,1,1975-08-02,N,https://en.wikipedia.org/wiki/One_of_These_Nights_(Eagles_song),https://en.wikipedia.org/wiki/Eagles_(band)
373,Jive Talkin',Bee Gees,1975-08-09,1975,2,1975-08-16,N,https://en.wikipedia.org/wiki/Jive_Talkin',https://en.wikipedia.org/wiki/Bee_Gees
374,Fallin' in Love,"Hamilton, Joe Frank & Reynolds",1975-08-23,1975,1,1975-08-23,N,"https://en.wikipedia.org/wiki/Fallin'_in_Love_(Hamilton,_Joe_Frank_&_Reynolds_song)","https://en.wikipedia.org/wiki/Hamilton,_Joe_Frank_&_Reynolds"
375,Get Down Tonight,KC and the Sunshine Band,1975-08-30,1975,1,1975-08-30,N,https://en.wikipedia.org/wiki/Get_Down_Tonight,https://en.wikipedia.org/wiki/KC_and_the_Sunshine_Band
376,Rhinestone Cowboy,Glen Campbell,1975-09-06,1975,2,1975-09-13,N,https://en.wikipedia.org/wiki/Rhinestone_Cowboy,https://en.wikipedia.org/wiki/Glen_Campbell
377,Fame,David Bowie,1975-09-20,1975,2,1975-10-04,Y,https://en.wikipedia.org/wiki/Fame_(David_Bowie_song),https://en.wikipedia.org/wiki/David_Bowie
378,I'm Sorry,John Denver,1975-09-27,1975,1,1975-09-27,N,https://en.wikipedia.org/wiki/I'm_Sorry_(John_Denver_song),https://en.wikipedia.org/wiki/John_Denver
379,Bad Blood,Neil Sedaka,1975-10-11,1975,3,1975-10-25,N,https://en.wikipedia.org/wiki/Bad_Blood_(Neil_Sedaka_song),https://en.wikipedia.org/wiki/Neil_Sedaka
380,Island Girl,Elton John,1975-11-01,1975,3,1975-11-15,N,https://en.wikipedia.org/wiki/Island_Girl,https://en.wikipedia.org/wiki/Elton_John
381,That's the Way (I Like It),KC and the Sunshine Band,1975-11-22,1975,2,1975-12-20,Y,https://en.wikipedia.org/wiki/That's_the_Way_(I_Like_It),https://en.wikipedia.org/wiki/KC_and_the_Sunshine_Band
382,"Fly, Robin, Fly",Silver Convention,1975-11-29,1975,3,1975-12-13,N,"https://en.wikipedia.org/wiki/Fly,_Robin,_Fly",https://en.wikipedia.org/wiki/Silver_Convention
383,Let's Do It Again,The Staple Singers,1975-12-27,1975,1,1975-12-27,N,https://en.wikipedia.org/wiki/Let's_Do_It_Again_(song),https://en.wikipedia.org/wiki/The_Staple_Singers
384,Saturday Night,Bay City Rollers,1976-01-03,1976,1,1976-01-03,N,https://en.wikipedia.org/wiki/Saturday_Night_(Bay_City_Rollers_song),https://en.wikipedia.org/wiki/Bay_City_Rollers
385,Convoy,C. W. McCall,1976-01-10,1976,1,1976-01-10,N,https://en.wikipedia.org/wiki/Convoy_(song),https://en.wikipedia.org/wiki/C._W._McCall
386,I Write the Songs,Barry Manilow,1976-01-17,1976,1,1976-01-17,N,https://en.wikipedia.org/wiki/I_Write_the_Songs,https://en.wikipedia.org/wiki/Barry_Manilow
387,Theme from Mahogany (Do You Know Where You're Going To),Diana Ross,1976-01-24,1976,1,1976-01-24,N,https://en.wikipedia.org/wiki/Theme_from_Mahogany_(Do_You_Know_Where_You're_Going_To),https://en.wikipedia.org/wiki/Diana_Ross
388,Love Rollercoaster,Ohio Players,1976-01-31,1976,1,1976-01-31,N,https://en.wikipedia.org/wiki/Love_Rollercoaster,https://en.wikipedia.org/wiki/Ohio_Players
389,50 Ways to Leave Your Lover,Paul Simon,1976-02-07,1976,3,1976-02-21,N,https://en.wikipedia.org/wiki/50_Ways_to_Leave_Your_Lover,https://en.wikipedia.org/wiki/Paul_Simon
390,Theme from S.W.A.T.,Rhythm Heritage,1976-02-28,1976,1,1976-02-28,N,https://en.wikipedia.org/wiki/Theme_from_S.W.A.T.,https://en.wikipedia.org/wiki/Rhythm_Heritage
391,Love Machine (Part 1),The Miracles,1976-03-06,1976,1,1976-03-06,N,https://en.wikipedia.org/wiki/Love_Machine_(The_Miracles_song),https://en.wikipedia.org/wiki/The_Miracles
392,"December, 1963 (Oh, What a Night)",The Four Seasons,1976-03-13,1976,3,1976-03-27,N,"https://en.wikipedia.org/wiki/December,_1963_(Oh,_What_a_Night)",https://en.wikipedia.org/wiki/The_Four_Seasons_(band)
393,Disco Lady,Johnnie Taylor,1976-04-03,1976,4,1976-04-24,N,https://en.wikipedia.org/wiki/Disco_Lady,https://en.wikipedia.org/wiki/Johnnie_Taylor
394,Let Your Love Flow,The Bellamy Brothers,1976-05-01,1976,1,1976-05-01,N,https://en.wikipedia.org/wiki/Let_Your_Love_Flow,https://en.wikipedia.org/wiki/The_Bellamy_Brothers
395,Welcome Back,John Sebastian,1976-05-08,1976,1,1976-05-08,N,https://en.wikipedia.org/wiki/Welcome_Back_(John_Sebastian_song),https://en.wikipedia.org/wiki/John_Sebastian
396,Boogie Fever,The Sylvers,1976-05-15,1976,1,1976-05-15,N,https://en.wikipedia.org/wiki/Boogie_Fever,https://en.wikipedia.org/wiki/The_Sylvers
397,Silly Love Songs,Wings,1976-05-22,1976,5,1976-07-04,Y,https://en.wikipedia.org/wiki/Silly_Love_Songs,https://en.wikipedia.org/wiki/Paul_McCartney_and_Wings
398,Love Hangover,Diana Ross,1976-05-29,1976,2,1976-06-05,N,https://en.wikipedia.org/wiki/Love_Hangover,https://en.wikipedia.org/wiki/Diana_Ross
399,Afternoon Delight,Starland Vocal Band,1976-07-10,1976,2,1976-07-17,N,https://en.wikipedia.org/wiki/Afternoon_Delight,https://en.wikipedia.org/wiki/Starland_Vocal_Band
400,Kiss and Say Goodbye,The Manhattans,1976-07-24,1976,2,1976-07-31,N,https://en.wikipedia.org/wiki/Kiss_and_Say_Goodbye,https://en.wikipedia.org/wiki/The_Manhattans
401,Don't Go Breaking My Heart,Elton John and Kiki Dee,1976-08-07,1976,4,1976-08-28,N,https://en.wikipedia.org/wiki/Don't_Go_Breaking_My_Heart,https://en.wikipedia.org/wiki/Elton_John
402,You Should Be Dancing,Bee Gees,1976-09-04,1976,1,1976-09-04,N,https://en.wikipedia.org/wiki/You_Should_Be_Dancing,https://en.wikipedia.org/wiki/Bee_Gees
403,"(Shake, Shake, Shake) Shake Your Booty",KC and the Sunshine Band,1976-09-11,1976,1,1976-09-11,N,"https://en.wikipedia.org/wiki/(Shake,_Shake,_Shake)_Shake_Your_Booty",https://en.wikipedia.org/wiki/KC_and_the_Sunshine_Band
404,Play That Funky Music,Wild Cherry,1976-09-18,1976,3,1976-10-02,N,https://en.wikipedia.org/wiki/Play_That_Funky_Music,https://en.wikipedia.org/wiki/Wild_Cherry_(band)
405,A Fifth of Beethoven,Walter Murphy and the Big Apple Band,1976-10-09,1976,1,1976-10-09,N,https://en.wikipedia.org/wiki/A_Fifth_of_Beethoven,https://en.wikipedia.org/wiki/Walter_Murphy
406,Disco Duck,Rick Dees and His Cast of Idiots,1976-10-16,1976,1,1976-10-16,N,https://en.wikipedia.org/wiki/Disco_Duck,https://en.wikipedia.org/wiki/Rick_Dees
407,If You Leave Me Now,Chicago,1976-10-23,1976,2,1976-10-30,N,https://en.wikipedia.org/wiki/If_You_Leave_Me_Now,https://en.wikipedia.org/wiki/Chicago_(band)
408,Rock'n Me,Steve Miller Band,1976-11-06,1976,1,1976-11-06,N,https://en.wikipedia.org/wiki/Rock'n_Me,https://en.wikipedia.org/wiki/Steve_Miller_Band
409,Tonight's the Night (Gonna Be Alright),Rod Stewart,1976-11-13,1976,8,1977-01-01,N,https://en.wikipedia.org/wiki/Tonight's_the_Night_(Gonna_Be_Alright),https://en.wikipedia.org/wiki/Rod_Stewart
410,You Don't Have to Be a Star (To Be in My Show),Marilyn McCoo and Billy Davis Jr.,1977-01-08,1977,1,1977-01-08,N,https://en.wikipedia.org/wiki/You_Don't_Have_to_Be_a_Star_(To_Be_in_My_Show),https://en.wikipedia.org/wiki/Marilyn_McCoo
411,You Make Me Feel Like Dancing,Leo Sayer,1977-01-15,1977,1,1977-01-15,N,https://en.wikipedia.org/wiki/You_Make_Me_Feel_Like_Dancing,https://en.wikipedia.org/wiki/Leo_Sayer
412,I Wish,Stevie Wonder,1977-01-22,1977,1,1977-01-22,N,https://en.wikipedia.org/wiki/I_Wish_(Stevie_Wonder_song),https://en.wikipedia.org/wiki/Stevie_Wonder
413,Car Wash,Rose Royce,1977-01-29,1977,1,1977-01-29,N,https://en.wikipedia.org/wiki/Car_Wash_(song),https://en.wikipedia.org/wiki/Rose_Royce
414,Torn Between Two Lovers,Mary MacGregor,1977-02-05,1977,2,1977-02-12,N,https://en.wikipedia.org/wiki/Torn_Between_Two_Lovers_(song),https://en.wikipedia.org/wiki/Mary_MacGregor
415,Blinded by the Light,Manfred Mann's Earth Band,1977-02-19,1977,1,1977-02-19,N,https://en.wikipedia.org/wiki/Blinded_by_the_Light,https://en.wikipedia.org/wiki/Manfred_Mann's_Earth_Band
416,New Kid in Town,Eagles,1977-02-26,1977,1,1977-02-26,N,https://en.wikipedia.org/wiki/New_Kid_in_Town,https://en.wikipedia.org/wiki/Eagles_(band)
417,Evergreen (Love Theme from A Star Is Born),Barbra Streisand,1977-03-05,1977,3,1977-03-19,N,https://en.wikipedia.org/wiki/Evergreen_(Love_Theme_from_A_Star_Is_Born),https://en.wikipedia.org/wiki/Barbra_Streisand
418,Rich Girl,Daryl Hall and John Oates,1977-03-26,1977,2,1977-04-02,N,https://en.wikipedia.org/wiki/Rich_Girl_(Hall_&_Oates_song),https://en.wikipedia.org/wiki/Hall_&_Oates
419,Dancing Queen,ABBA,1977-04-09,1977,1,1977-04-09,N,https://en.wikipedia.org/wiki/Dancing_Queen,https://en.wikipedia.org/wiki/ABBA
420,Don't Give Up on Us,David Soul,1977-04-16,1977,1,1977-04-16,N,https://en.wikipedia.org/wiki/Don't_Give_Up_on_Us_(song),https://en.wikipedia.org/wiki/David_Soul
421,Don't Leave Me This Way,Thelma Houston,1977-04-23,1977,1,1977-04-23,N,https://en.wikipedia.org/wiki/Don't_Leave_Me_This_Way,https://en.wikipedia.org/wiki/Thelma_Houston
422,Southern Nights,Glen Campbell,1977-04-30,1977,1,1977-04-30,N,https://en.wikipedia.org/wiki/Southern_Nights_(song),https://en.wikipedia.org/wiki/Glen_Campbell
423,Hotel California,Eagles,1977-05-07,1977,1,1977-05-07,N,https://en.wikipedia.org/wiki/Hotel_California,https://en.wikipedia.org/wiki/Eagles_(band)
424,When I Need You,Leo Sayer,1977-05-14,1977,1,1977-05-14,N,https://en.wikipedia.org/wiki/When_I_Need_You,https://en.wikipedia.org/wiki/Leo_Sayer
425,Sir Duke,Stevie Wonder,1977-05-21,1977,3,1977-06-04,N,https://en.wikipedia.org/wiki/Sir_Duke,https://en.wikipedia.org/wiki/Stevie_Wonder
426,I'm Your Boogie Man,KC and the Sunshine Band,1977-06-11,1977,1,1977-06-11,N,https://en.wikipedia.org/wiki/I'm_Your_Boogie_Man,https://en.wikipedia.org/wiki/KC_and_the_Sunshine_Band
427,Dreams,Fleetwood Mac,1977-06-18,1977,1,1977-06-18,N,https://en.wikipedia.org/wiki/Dreams_(Fleetwood_Mac_song),https://en.wikipedia.org/wiki/Fleetwood_Mac
428,Got to Give It Up,Marvin Gaye,1977-06-25,1977,1,1977-06-25,N,https://en.wikipedia.org/wiki/Got_to_Give_It_Up,https://en.wikipedia.org/wiki/Marvin_Gaye
429,Gonna Fly Now (Theme From Rocky),Bill Conti,1977-07-02,1977,1,1977-07-02,N,https://en.wikipedia.org/wiki/Gonna_Fly_Now,https://en.wikipedia.org/wiki/Bill_Conti
430,Undercover Angel,Alan O'Day,1977-07-09,1977,1,1977-07-09,N,https://en.wikipedia.org/wiki/Undercover_Angel_(song),https://en.wikipedia.org/wiki/Alan_O'Day
431,Da Doo Ron Ron,Shaun Cassidy,1977-07-16,1977,1,1977-07-16,N,https://en.wikipedia.org/wiki/Da_Doo_Ron_Ron,https://en.wikipedia.org/wiki/Shaun_Cassidy
432,Looks Like We Made It,Barry Manilow,1977-07-23,1977,1,1977-07-23,N,https://en.wikipedia.org/wiki/Looks_Like_We_Made_It,https://en.wikipedia.org/wiki/Barry_Manilow
433,I Just Want to Be Your Everything,Andy Gibb,1977-07-30,1977,4,1977-09-17,Y,https://en.wikipedia.org/wiki/I_Just_Want_to_Be_Your_Everything,https://en.wikipedia.org/wiki/Andy_Gibb
434,Best of My Love,The Emotions,1977-08-20,1977,5,1977-09-24,Y,https://en.wikipedia.org/wiki/Best_of_My_Love_(The_Emotions_song),https://en.wikipedia.org/wiki/The_Emotions
435,Star Wars Theme/Cantina Band,Meco,1977-10-01,1977,2,1977-10-08,N,https://en.wikipedia.org/wiki/Star_Wars_Theme/Cantina_Band,https://en.wikipedia.org/wiki/Meco
436,You Light Up My Life,Debby Boone,1977-10-15,1977,10,1977-12-17,N,NA,https://en.wikipedia.org/wiki/Debby_Boone
437,How Deep Is Your Love,Bee Gees,1977-12-24,1977,3,1978-01-07,N,https://en.wikipedia.org/wiki/How_Deep_Is_Your_Love_(Bee_Gees_song),https://en.wikipedia.org/wiki/Bee_Gees
438,Baby Come Back,Player,1978-01-14,1978,3,1978-01-28,N,https://en.wikipedia.org/wiki/Baby_Come_Back_(Player_song),https://en.wikipedia.org/wiki/Player_(band)
439,Stayin' Alive,Bee Gees,1978-02-04,1978,4,1978-02-25,N,https://en.wikipedia.org/wiki/Stayin'_Alive,https://en.wikipedia.org/wiki/Bee_Gees
440,(Love Is) Thicker Than Water,Andy Gibb,1978-03-04,1978,2,1978-03-11,N,https://en.wikipedia.org/wiki/(Love_Is)_Thicker_Than_Water,https://en.wikipedia.org/wiki/Andy_Gibb
441,Night Fever,Bee Gees,1978-03-18,1978,8,1978-05-06,N,https://en.wikipedia.org/wiki/Night_Fever,https://en.wikipedia.org/wiki/Bee_Gees
442,If I Can't Have You,Yvonne Elliman,1978-05-13,1978,1,1978-05-13,N,https://en.wikipedia.org/wiki/If_I_Can't_Have_You_(Bee_Gees_song),https://en.wikipedia.org/wiki/Yvonne_Elliman
443,With a Little Luck,Wings,1978-05-20,1978,2,1978-05-27,N,https://en.wikipedia.org/wiki/With_a_Little_Luck,https://en.wikipedia.org/wiki/Paul_McCartney_and_Wings
444,"Too Much, Too Little, Too Late",Johnny Mathis and Deniece Williams,1978-06-03,1978,1,1978-06-03,N,"https://en.wikipedia.org/wiki/Too_Much,_Too_Little,_Too_Late",https://en.wikipedia.org/wiki/Johnny_Mathis
445,You're the One That I Want,John Travolta and Olivia Newton-John,1978-06-10,1978,1,1978-06-10,N,https://en.wikipedia.org/wiki/You're_the_One_That_I_Want,https://en.wikipedia.org/wiki/John_Travolta
446,Shadow Dancing,Andy Gibb,1978-06-17,1978,7,1978-07-29,N,https://en.wikipedia.org/wiki/Shadow_Dancing_(song),https://en.wikipedia.org/wiki/Andy_Gibb
447,Miss You,The Rolling Stones,1978-08-05,1978,1,1978-08-05,N,https://en.wikipedia.org/wiki/Miss_You_(Rolling_Stones_song),https://en.wikipedia.org/wiki/The_Rolling_Stones
448,Three Times a Lady,Commodores,1978-08-12,1978,2,1978-08-19,N,https://en.wikipedia.org/wiki/Three_Times_a_Lady,https://en.wikipedia.org/wiki/Commodores
449,Grease,Frankie Valli,1978-08-26,1978,2,1978-09-02,N,https://en.wikipedia.org/wiki/Grease_(song),https://en.wikipedia.org/wiki/Frankie_Valli
450,Boogie Oogie Oogie,A Taste of Honey,1978-09-09,1978,3,1978-09-23,N,https://en.wikipedia.org/wiki/Boogie_Oogie_Oogie,https://en.wikipedia.org/wiki/A_Taste_of_Honey_(band)
451,Kiss You All Over,Exile,1978-09-30,1978,4,1978-10-21,N,https://en.wikipedia.org/wiki/Kiss_You_All_Over,https://en.wikipedia.org/wiki/Exile_(American_band)
452,Hot Child in the City,Nick Gilder,1978-10-28,1978,1,1978-10-28,N,https://en.wikipedia.org/wiki/Hot_Child_in_the_City,https://en.wikipedia.org/wiki/Nick_Gilder
453,You Needed Me,Anne Murray,1978-11-04,1978,1,1978-11-04,N,https://en.wikipedia.org/wiki/You_Needed_Me,https://en.wikipedia.org/wiki/Anne_Murray
454,MacArthur Park,Donna Summer,1978-11-11,1978,3,1978-11-25,N,NA,https://en.wikipedia.org/wiki/Donna_Summer
455,You Don't Bring Me Flowers,Barbra and Neil,1978-12-02,1978,2,1978-12-16,Y,https://en.wikipedia.org/wiki/You_Don't_Bring_Me_Flowers,https://en.wikipedia.org/wiki/Barbra_Streisand
456,Le Freak,Chic,1978-12-09,1978,6,1979-02-03,Y,https://en.wikipedia.org/wiki/Le_Freak,https://en.wikipedia.org/wiki/Chic_(band)
457,Too Much Heaven,Bee Gees,1979-01-06,1979,2,1979-01-13,N,https://en.wikipedia.org/wiki/Too_Much_Heaven,https://en.wikipedia.org/wiki/Bee_Gees
458,Da Ya Think I'm Sexy?,Rod Stewart,1979-02-10,1979,4,1979-03-03,N,https://en.wikipedia.org/wiki/Da_Ya_Think_I'm_Sexy%3F,https://en.wikipedia.org/wiki/Rod_Stewart
459,I Will Survive,Gloria Gaynor,1979-03-10,1979,3,1979-04-07,Y,https://en.wikipedia.org/wiki/I_Will_Survive,https://en.wikipedia.org/wiki/Gloria_Gaynor
460,Tragedy,Bee Gees,1979-03-24,1979,2,1979-03-31,N,https://en.wikipedia.org/wiki/Tragedy_(Bee_Gees_song),https://en.wikipedia.org/wiki/Bee_Gees
461,What a Fool Believes,The Doobie Brothers,1979-04-14,1979,1,1979-04-14,N,https://en.wikipedia.org/wiki/What_a_Fool_Believes,https://en.wikipedia.org/wiki/The_Doobie_Brothers
462,Knock on Wood,Amii Stewart,1979-04-21,1979,1,1979-04-21,N,https://en.wikipedia.org/wiki/Knock_on_Wood_(Eddie_Floyd_song),https://en.wikipedia.org/wiki/Amii_Stewart
463,Heart of Glass,Blondie,1979-04-28,1979,1,1979-04-28,N,https://en.wikipedia.org/wiki/Heart_of_Glass_(song),https://en.wikipedia.org/wiki/Blondie_(band)
464,Reunited,Peaches & Herb,1979-05-05,1979,4,1979-05-26,N,https://en.wikipedia.org/wiki/Reunited_(song),https://en.wikipedia.org/wiki/Peaches_&_Herb
465,Hot Stuff,Donna Summer,1979-06-02,1979,3,1979-06-23,Y,https://en.wikipedia.org/wiki/Hot_Stuff_(Donna_Summer_song),https://en.wikipedia.org/wiki/Donna_Summer
466,Love You Inside Out,Bee Gees,1979-06-09,1979,1,1979-06-09,N,https://en.wikipedia.org/wiki/Love_You_Inside_Out,https://en.wikipedia.org/wiki/Bee_Gees
467,Ring My Bell,Anita Ward,1979-06-30,1979,2,1979-07-07,N,https://en.wikipedia.org/wiki/Ring_My_Bell,https://en.wikipedia.org/wiki/Anita_Ward
468,Bad Girls,Donna Summer,1979-07-14,1979,5,1979-08-11,N,https://en.wikipedia.org/wiki/Bad_Girls_(Donna_Summer_song),https://en.wikipedia.org/wiki/Donna_Summer
469,Good Times,Chic,1979-08-18,1979,1,1979-08-18,N,https://en.wikipedia.org/wiki/Good_Times_(Chic_song),https://en.wikipedia.org/wiki/Chic_(band)
470,My Sharona,The Knack,1979-08-25,1979,6,1979-09-29,N,https://en.wikipedia.org/wiki/My_Sharona,https://en.wikipedia.org/wiki/The_Knack
471,Sad Eyes,Robert John,1979-10-06,1979,1,1979-10-06,N,https://en.wikipedia.org/wiki/Sad_Eyes_(Robert_John_song),https://en.wikipedia.org/wiki/Robert_John
472,Don't Stop 'Til You Get Enough,Michael Jackson,1979-10-13,1979,1,1979-10-13,N,https://en.wikipedia.org/wiki/Don't_Stop_'Til_You_Get_Enough,https://en.wikipedia.org/wiki/Michael_Jackson
473,Rise,Herb Alpert,1979-10-20,1979,2,1979-10-27,N,https://en.wikipedia.org/wiki/Rise_(instrumental),https://en.wikipedia.org/wiki/Herb_Alpert
474,Pop Muzik,M,1979-11-03,1979,1,1979-11-03,N,https://en.wikipedia.org/wiki/Pop_Muzik,https://en.wikipedia.org/wiki/M_(band)
475,Heartache Tonight,Eagles,1979-11-10,1979,1,1979-11-10,N,https://en.wikipedia.org/wiki/Heartache_Tonight,https://en.wikipedia.org/wiki/Eagles_(band)
476,Still,Commodores,1979-11-17,1979,1,1979-11-17,N,https://en.wikipedia.org/wiki/Still_(Commodores_song),https://en.wikipedia.org/wiki/Commodores
477,No More Tears (Enough Is Enough),Barbra Streisand and Donna Summer,1979-11-24,1979,2,1979-12-01,N,https://en.wikipedia.org/wiki/No_More_Tears_(Enough_Is_Enough),https://en.wikipedia.org/wiki/Barbra_Streisand
478,Babe,Styx,1979-12-08,1979,2,1979-12-15,N,https://en.wikipedia.org/wiki/Babe_(Styx_song),https://en.wikipedia.org/wiki/Styx_(band)
479,Escape (The Piña Colada Song),Rupert Holmes,1979-12-22,1979,3,1980-01-12,Y,https://en.wikipedia.org/wiki/Escape_(The_Piña_Colada_Song),https://en.wikipedia.org/wiki/Rupert_Holmes
480,Please Don't Go,KC and the Sunshine Band,1980-01-05,1980,1,1980-01-05,N,https://en.wikipedia.org/wiki/Please_Don't_Go_(KC_and_the_Sunshine_Band_song),https://en.wikipedia.org/wiki/KC_and_the_Sunshine_Band
481,Rock with You,Michael Jackson,1980-01-19,1980,4,1980-02-09,N,https://en.wikipedia.org/wiki/Rock_with_You,https://en.wikipedia.org/wiki/Michael_Jackson
482,Do That to Me One More Time,Captain & Tennille,1980-02-16,1980,1,1980-02-16,N,https://en.wikipedia.org/wiki/Do_That_to_Me_One_More_Time,https://en.wikipedia.org/wiki/Captain_&_Tennille
483,Crazy Little Thing Called Love,Queen,1980-02-23,1980,4,1980-03-15,N,https://en.wikipedia.org/wiki/Crazy_Little_Thing_Called_Love,https://en.wikipedia.org/wiki/Queen_(band)
484,"Another Brick in the Wall, Part II",Pink Floyd,1980-03-22,1980,4,1980-04-12,N,https://en.wikipedia.org/wiki/Another_Brick_in_the_Wall,https://en.wikipedia.org/wiki/Pink_Floyd
485,Call Me,Blondie,1980-04-19,1980,6,1980-05-24,N,https://en.wikipedia.org/wiki/Call_Me_(Blondie_song),https://en.wikipedia.org/wiki/Blondie_(band)
486,Funkytown,Lipps Inc.,1980-05-31,1980,4,1980-06-21,N,https://en.wikipedia.org/wiki/Funkytown,https://en.wikipedia.org/wiki/Lipps_Inc.
487,Coming Up,Paul McCartney,1980-06-28,1980,3,1980-07-12,N,https://en.wikipedia.org/wiki/Coming_Up_(song),https://en.wikipedia.org/wiki/Paul_McCartney
488,It's Still Rock and Roll to Me,Billy Joel,1980-07-19,1980,2,1980-07-26,N,https://en.wikipedia.org/wiki/It's_Still_Rock_and_Roll_to_Me,https://en.wikipedia.org/wiki/Billy_Joel
489,Magic,Olivia Newton-John,1980-08-02,1980,4,1980-08-23,N,https://en.wikipedia.org/wiki/Magic_(Olivia_Newton-John_song),https://en.wikipedia.org/wiki/Olivia_Newton-John
490,Sailing,Christopher Cross,1980-08-30,1980,1,1980-08-30,N,https://en.wikipedia.org/wiki/Sailing_(Christopher_Cross_song),https://en.wikipedia.org/wiki/Christopher_Cross
491,Upside Down,Diana Ross,1980-09-06,1980,4,1980-09-27,N,https://en.wikipedia.org/wiki/Upside_Down_(Diana_Ross_song),https://en.wikipedia.org/wiki/Diana_Ross
492,Another One Bites the Dust,Queen,1980-10-04,1980,3,1980-10-18,N,https://en.wikipedia.org/wiki/Another_One_Bites_the_Dust,NA
493,Woman in Love,Barbra Streisand,1980-10-25,1980,3,1980-11-08,N,https://en.wikipedia.org/wiki/Woman_in_Love,https://en.wikipedia.org/wiki/Barbra_Streisand
494,Lady,Kenny Rogers,1980-11-15,1980,6,1980-12-20,N,https://en.wikipedia.org/wiki/Lady_(Kenny_Rogers_song),https://en.wikipedia.org/wiki/Kenny_Rogers
495,(Just Like) Starting Over,John Lennon,1980-12-27,1980,5,1981-01-24,N,https://en.wikipedia.org/wiki/(Just_Like)_Starting_Over,https://en.wikipedia.org/wiki/John_Lennon
496,The Tide Is High,Blondie,1981-01-31,1981,1,1981-01-31,N,NA,https://en.wikipedia.org/wiki/Blondie_(band)
497,Celebration,Kool & the Gang,1981-02-07,1981,2,1981-02-14,N,https://en.wikipedia.org/wiki/Celebration_(Kool_&_the_Gang_song),https://en.wikipedia.org/wiki/Kool_&_the_Gang
498,9 to 5,Dolly Parton,1981-02-21,1981,2,1981-03-14,Y,https://en.wikipedia.org/wiki/9_to_5_(Dolly_Parton_song),https://en.wikipedia.org/wiki/Dolly_Parton
499,I Love a Rainy Night,Eddie Rabbitt,1981-02-28,1981,2,1981-03-07,N,https://en.wikipedia.org/wiki/I_Love_a_Rainy_Night,https://en.wikipedia.org/wiki/Eddie_Rabbitt
500,Keep On Loving You,REO Speedwagon,1981-03-21,1981,1,1981-03-21,N,https://en.wikipedia.org/wiki/Keep_On_Loving_You_(song),https://en.wikipedia.org/wiki/REO_Speedwagon
501,Rapture,Blondie,1981-03-28,1981,2,1981-04-04,N,https://en.wikipedia.org/wiki/Rapture_(Blondie_song),NA
502,Kiss on My List,Daryl Hall and John Oates,1981-04-11,1981,3,1981-04-25,N,https://en.wikipedia.org/wiki/Kiss_on_My_List,https://en.wikipedia.org/wiki/Hall_&_Oates
503,Morning Train (Nine to Five),Sheena Easton,1981-05-02,1981,2,1981-05-09,N,https://en.wikipedia.org/wiki/9_to_5_(Sheena_Easton_song),https://en.wikipedia.org/wiki/Sheena_Easton
504,Bette Davis Eyes,Kim Carnes,1981-05-16,1981,9,1981-07-18,Y,https://en.wikipedia.org/wiki/Bette_Davis_Eyes,https://en.wikipedia.org/wiki/Kim_Carnes
505,"Medley: Intro 'Venus'/Sugar, Sugar/No Reply/I'll Be Back/Drive My Car/Do You Want to Know a Secret/We Can Work It Out/I Should Have Known Better/Nowhere Man/You're Going to Lose That Girl/Stars on 45",Stars on 45,1981-06-20,1981,1,1981-06-20,N,https://en.wikipedia.org/wiki/Stars_on_45_(song),https://en.wikipedia.org/wiki/Stars_on_45
506,The One That You Love,Air Supply,1981-07-25,1981,1,1981-07-25,N,https://en.wikipedia.org/wiki/The_One_That_You_Love,https://en.wikipedia.org/wiki/Air_Supply
507,Jessie's Girl,Rick Springfield,1981-08-01,1981,2,1981-08-08,N,https://en.wikipedia.org/wiki/Jessie's_Girl,https://en.wikipedia.org/wiki/Rick_Springfield
508,Endless Love,Diana Ross and Lionel Richie,1981-08-15,1981,9,1981-10-10,N,https://en.wikipedia.org/wiki/Endless_Love_(song),https://en.wikipedia.org/wiki/Diana_Ross
509,Arthur's Theme (Best That You Can Do),Christopher Cross,1981-10-17,1981,3,1981-10-31,N,https://en.wikipedia.org/wiki/Arthur's_Theme_(Best_That_You_Can_Do),https://en.wikipedia.org/wiki/Christopher_Cross
510,Private Eyes,Daryl Hall and John Oates,1981-11-07,1981,2,1981-11-14,N,https://en.wikipedia.org/wiki/Private_Eyes_(song),NA
511,Physical,Olivia Newton-John,1981-11-21,1981,10,1982-01-23,N,https://en.wikipedia.org/wiki/Physical_(Olivia_Newton-John_song),https://en.wikipedia.org/wiki/Olivia_Newton-John
512,I Can't Go for That (No Can Do),Daryl Hall and John Oates,1982-01-30,1982,1,1982-01-30,N,https://en.wikipedia.org/wiki/I_Can't_Go_for_That_(No_Can_Do),https://en.wikipedia.org/wiki/Hall_&_Oates
513,Centerfold,The J. Geils Band,1982-02-06,1982,6,1982-03-13,N,https://en.wikipedia.org/wiki/Centerfold_(song),https://en.wikipedia.org/wiki/The_J._Geils_Band
514,I Love Rock 'n' Roll,Joan Jett and the Blackhearts,1982-03-20,1982,7,1982-05-01,N,NA,https://en.wikipedia.org/wiki/Joan_Jett_and_the_Blackhearts
515,Chariots of Fire,Vangelis,1982-05-08,1982,1,1982-05-08,N,https://en.wikipedia.org/wiki/Chariots_of_Fire_(instrumental),https://en.wikipedia.org/wiki/Vangelis
516,Ebony and Ivory,Paul McCartney and Stevie Wonder,1982-05-15,1982,7,1982-06-26,N,https://en.wikipedia.org/wiki/Ebony_and_Ivory,https://en.wikipedia.org/wiki/Paul_McCartney
517,Don't You Want Me,The Human League,1982-07-03,1982,3,1982-07-17,N,https://en.wikipedia.org/wiki/Don't_You_Want_Me,https://en.wikipedia.org/wiki/The_Human_League
518,Eye of the Tiger,Survivor,1982-07-24,1982,6,1982-08-28,N,https://en.wikipedia.org/wiki/Eye_of_the_Tiger,https://en.wikipedia.org/wiki/Survivor_(band)
519,Abracadabra,Steve Miller Band,1982-09-04,1982,2,1982-09-25,Y,https://en.wikipedia.org/wiki/Abracadabra_(Steve_Miller_Band_song),https://en.wikipedia.org/wiki/Steve_Miller_Band
520,Hard to Say I'm Sorry,Chicago,1982-09-11,1982,2,1982-09-18,N,https://en.wikipedia.org/wiki/Hard_to_Say_I'm_Sorry,https://en.wikipedia.org/wiki/Chicago_(band)
521,Jack & Diane,John Cougar,1982-10-02,1982,4,1982-10-23,N,https://en.wikipedia.org/wiki/Jack_&_Diane,https://en.wikipedia.org/wiki/John_Mellencamp
522,Who Can It Be Now?,Men at Work,1982-10-30,1982,1,1982-10-30,N,https://en.wikipedia.org/wiki/Who_Can_It_Be_Now%3F,https://en.wikipedia.org/wiki/Men_at_Work
523,Up Where We Belong,Joe Cocker and Jennifer Warnes,1982-11-06,1982,3,1982-11-20,N,https://en.wikipedia.org/wiki/Up_Where_We_Belong,https://en.wikipedia.org/wiki/Joe_Cocker
524,Truly,Lionel Richie,1982-11-27,1982,2,1982-12-04,N,https://en.wikipedia.org/wiki/Truly_(Lionel_Richie_song),https://en.wikipedia.org/wiki/Lionel_Richie
525,Mickey,Toni Basil,1982-12-11,1982,1,1982-12-11,N,https://en.wikipedia.org/wiki/Mickey_(Toni_Basil_song),https://en.wikipedia.org/wiki/Toni_Basil
526,Maneater,Daryl Hall and John Oates,1982-12-18,1982,4,1983-01-08,N,https://en.wikipedia.org/wiki/Maneater_(Hall_&_Oates_song),NA
527,Down Under,Men at Work,1983-01-15,1983,4,1983-02-12,Y,https://en.wikipedia.org/wiki/Down_Under_(song),https://en.wikipedia.org/wiki/Men_at_Work
528,Africa,Toto,1983-02-05,1983,1,1983-02-05,N,https://en.wikipedia.org/wiki/Africa_(song),https://en.wikipedia.org/wiki/Toto_(band)
529,"Baby, Come to Me",Patti Austin and James Ingram,1983-02-19,1983,2,1983-02-26,N,"https://en.wikipedia.org/wiki/Baby,_Come_to_Me_(Patti_Austin_and_James_Ingram_song)",https://en.wikipedia.org/wiki/Patti_Austin
530,Billie Jean,Michael Jackson,1983-03-05,1983,7,1983-04-16,N,https://en.wikipedia.org/wiki/Billie_Jean,https://en.wikipedia.org/wiki/Michael_Jackson
531,Come On Eileen,Dexys Midnight Runners,1983-04-23,1983,1,1983-04-23,N,https://en.wikipedia.org/wiki/Come_On_Eileen,https://en.wikipedia.org/wiki/Dexys_Midnight_Runners
532,Beat It,Michael Jackson,1983-04-30,1983,3,1983-05-14,N,https://en.wikipedia.org/wiki/Beat_It,NA
533,Let's Dance,David Bowie,1983-05-21,1983,1,1983-05-21,N,https://en.wikipedia.org/wiki/Let's_Dance_(David_Bowie_song),https://en.wikipedia.org/wiki/David_Bowie
534,Flashdance... What a Feeling,Irene Cara,1983-05-28,1983,6,1983-07-02,N,https://en.wikipedia.org/wiki/Flashdance..._What_a_Feeling,https://en.wikipedia.org/wiki/Irene_Cara
535,Every Breath You Take,The Police,1983-07-09,1983,8,1983-08-27,N,https://en.wikipedia.org/wiki/Every_Breath_You_Take,https://en.wikipedia.org/wiki/The_Police
536,Sweet Dreams (Are Made of This),Eurythmics,1983-09-03,1983,1,1983-09-03,N,https://en.wikipedia.org/wiki/Sweet_Dreams_(Are_Made_of_This),https://en.wikipedia.org/wiki/Eurythmics
537,Maniac,Michael Sembello,1983-09-10,1983,2,1983-09-17,N,https://en.wikipedia.org/wiki/Maniac_(Michael_Sembello_song),https://en.wikipedia.org/wiki/Michael_Sembello
538,Tell Her About It,Billy Joel,1983-09-24,1983,1,1983-09-24,N,https://en.wikipedia.org/wiki/Tell_Her_About_It,https://en.wikipedia.org/wiki/Billy_Joel
539,Total Eclipse of the Heart,Bonnie Tyler,1983-10-01,1983,4,1983-10-22,N,https://en.wikipedia.org/wiki/Total_Eclipse_of_the_Heart,https://en.wikipedia.org/wiki/Bonnie_Tyler
540,Islands in the Stream,Kenny Rogers and Dolly Parton,1983-10-29,1983,2,1983-11-05,N,https://en.wikipedia.org/wiki/Islands_in_the_Stream_(song),https://en.wikipedia.org/wiki/Kenny_Rogers
541,All Night Long (All Night),Lionel Richie,1983-11-12,1983,4,1983-12-03,N,https://en.wikipedia.org/wiki/All_Night_Long_(All_Night),https://en.wikipedia.org/wiki/Lionel_Richie
542,Say Say Say,Paul McCartney and Michael Jackson,1983-12-10,1983,6,1984-01-14,N,https://en.wikipedia.org/wiki/Say_Say_Say,https://en.wikipedia.org/wiki/Paul_McCartney
543,Owner of a Lonely Heart,Yes,1984-01-21,1984,2,1984-01-28,N,https://en.wikipedia.org/wiki/Owner_of_a_Lonely_Heart,https://en.wikipedia.org/wiki/Yes_(band)
544,Karma Chameleon,Culture Club,1984-02-04,1984,3,1984-02-18,N,https://en.wikipedia.org/wiki/Karma_Chameleon,https://en.wikipedia.org/wiki/Culture_Club
545,Jump,Van Halen,1984-02-25,1984,5,1984-03-24,N,https://en.wikipedia.org/wiki/Jump_(Van_Halen_song),https://en.wikipedia.org/wiki/Van_Halen
546,Footloose,Kenny Loggins,1984-03-31,1984,3,1984-04-14,N,https://en.wikipedia.org/wiki/Footloose_(song),https://en.wikipedia.org/wiki/Kenny_Loggins
547,Against All Odds (Take a Look at Me Now),Phil Collins,1984-04-21,1984,3,1984-05-05,N,https://en.wikipedia.org/wiki/Against_All_Odds_(Take_a_Look_at_Me_Now),https://en.wikipedia.org/wiki/Phil_Collins
548,Hello,Lionel Richie,1984-05-12,1984,2,1984-05-19,N,https://en.wikipedia.org/wiki/Hello_(Lionel_Richie_song),https://en.wikipedia.org/wiki/Lionel_Richie
549,Let's Hear It for the Boy,Deniece Williams,1984-05-26,1984,2,1984-06-02,N,https://en.wikipedia.org/wiki/Let's_Hear_It_for_the_Boy,https://en.wikipedia.org/wiki/Deniece_Williams
550,Time After Time,Cyndi Lauper,1984-06-09,1984,2,1984-06-16,N,https://en.wikipedia.org/wiki/Time_After_Time_(Cyndi_Lauper_song),https://en.wikipedia.org/wiki/Cyndi_Lauper
551,The Reflex,Duran Duran,1984-06-23,1984,2,1984-06-30,N,https://en.wikipedia.org/wiki/The_Reflex,https://en.wikipedia.org/wiki/Duran_Duran
552,When Doves Cry,Prince,1984-07-07,1984,5,1984-08-04,N,https://en.wikipedia.org/wiki/When_Doves_Cry,https://en.wikipedia.org/wiki/Prince_(musician)
553,Ghostbusters,Ray Parker Jr.,1984-08-11,1984,3,1984-08-25,N,https://en.wikipedia.org/wiki/Ghostbusters_(song),https://en.wikipedia.org/wiki/Ray_Parker_Jr.
554,What's Love Got to Do with It,Tina Turner,1984-09-01,1984,3,1984-09-15,N,https://en.wikipedia.org/wiki/What's_Love_Got_to_Do_with_It_(song),https://en.wikipedia.org/wiki/Tina_Turner
555,Missing You,John Waite,1984-09-22,1984,1,1984-09-22,N,https://en.wikipedia.org/wiki/Missing_You_(John_Waite_song),https://en.wikipedia.org/wiki/John_Waite
556,Let's Go Crazy,Prince and the Revolution,1984-09-29,1984,2,1984-10-06,N,https://en.wikipedia.org/wiki/Let's_Go_Crazy,https://en.wikipedia.org/wiki/The_Revolution_(band)
557,I Just Called to Say I Love You,Stevie Wonder,1984-10-13,1984,3,1984-10-27,N,https://en.wikipedia.org/wiki/I_Just_Called_to_Say_I_Love_You,https://en.wikipedia.org/wiki/Stevie_Wonder
558,Caribbean Queen (No More Love on the Run),Billy Ocean,1984-11-03,1984,2,1984-11-10,N,https://en.wikipedia.org/wiki/Caribbean_Queen_(No_More_Love_on_the_Run),https://en.wikipedia.org/wiki/Billy_Ocean
559,Wake Me Up Before You Go-Go,Wham!,1984-11-17,1984,3,1984-12-01,N,https://en.wikipedia.org/wiki/Wake_Me_Up_Before_You_Go-Go,https://en.wikipedia.org/wiki/Wham!
560,Out of Touch,Daryl Hall and John Oates,1984-12-08,1984,2,1984-12-15,N,https://en.wikipedia.org/wiki/Out_of_Touch,https://en.wikipedia.org/wiki/Hall_&_Oates
561,Like a Virgin,Madonna,1984-12-22,1984,6,1985-01-26,N,https://en.wikipedia.org/wiki/Like_a_Virgin_(song),https://en.wikipedia.org/wiki/Madonna
562,I Want to Know What Love Is,Foreigner,1985-02-02,1985,2,1985-02-09,N,https://en.wikipedia.org/wiki/I_Want_to_Know_What_Love_Is,https://en.wikipedia.org/wiki/Foreigner_(band)
563,Careless Whisper,Wham! featuring George Michael,1985-02-16,1985,3,1985-03-02,N,https://en.wikipedia.org/wiki/Careless_Whisper,https://en.wikipedia.org/wiki/Wham!
564,Can't Fight This Feeling,REO Speedwagon,1985-03-09,1985,3,1985-03-23,N,https://en.wikipedia.org/wiki/Can't_Fight_This_Feeling,https://en.wikipedia.org/wiki/REO_Speedwagon
565,One More Night,Phil Collins,1985-03-30,1985,2,1985-04-06,N,https://en.wikipedia.org/wiki/One_More_Night_(Phil_Collins_song),https://en.wikipedia.org/wiki/Phil_Collins
566,We Are the World,USA for Africa,1985-04-13,1985,4,1985-05-04,N,https://en.wikipedia.org/wiki/We_Are_the_World,https://en.wikipedia.org/wiki/USA_for_Africa
567,Crazy for You,Madonna,1985-05-11,1985,1,1985-05-11,N,https://en.wikipedia.org/wiki/Crazy_for_You_(Madonna_song),NA
568,Don't You (Forget About Me),Simple Minds,1985-05-18,1985,1,1985-05-18,N,https://en.wikipedia.org/wiki/Don't_You_(Forget_About_Me),https://en.wikipedia.org/wiki/Simple_Minds
569,Everything She Wants,Wham!,1985-05-25,1985,2,1985-06-01,N,https://en.wikipedia.org/wiki/Everything_She_Wants,NA
570,Everybody Wants to Rule the World,Tears for Fears,1985-06-08,1985,2,1985-06-15,N,https://en.wikipedia.org/wiki/Everybody_Wants_to_Rule_the_World,https://en.wikipedia.org/wiki/Tears_for_Fears
571,Heaven,Bryan Adams,1985-06-22,1985,2,1985-06-29,N,https://en.wikipedia.org/wiki/Heaven_(Bryan_Adams_song),https://en.wikipedia.org/wiki/Bryan_Adams
572,Sussudio,Phil Collins,1985-07-06,1985,1,1985-07-06,N,https://en.wikipedia.org/wiki/Sussudio,NA
573,A View to a Kill,Duran Duran,1985-07-13,1985,2,1985-07-20,N,https://en.wikipedia.org/wiki/A_View_to_a_Kill_(song),https://en.wikipedia.org/wiki/Duran_Duran
574,Everytime You Go Away,Paul Young,1985-07-27,1985,1,1985-07-27,N,https://en.wikipedia.org/wiki/Everytime_You_Go_Away,https://en.wikipedia.org/wiki/Paul_Young
575,Shout,Tears for Fears,1985-08-03,1985,3,1985-08-17,N,https://en.wikipedia.org/wiki/Shout_(Tears_for_Fears_song),NA
576,The Power of Love,Huey Lewis and the News,1985-08-24,1985,2,1985-08-31,N,https://en.wikipedia.org/wiki/The_Power_of_Love_(Huey_Lewis_and_the_News_song),https://en.wikipedia.org/wiki/Huey_Lewis_and_the_News
577,St. Elmo's Fire (Man in Motion),John Parr,1985-09-07,1985,2,1985-09-14,N,https://en.wikipedia.org/wiki/St._Elmo's_Fire_(Man_in_Motion),https://en.wikipedia.org/wiki/John_Parr
578,Money for Nothing,Dire Straits,1985-09-21,1985,3,1985-10-05,N,https://en.wikipedia.org/wiki/Money_for_Nothing_(song),https://en.wikipedia.org/wiki/Dire_Straits
579,Oh Sheila,Ready for the World,1985-10-12,1985,1,1985-10-12,N,https://en.wikipedia.org/wiki/Oh_Sheila,https://en.wikipedia.org/wiki/Ready_for_the_World
580,Take On Me,a-ha,1985-10-19,1985,1,1985-10-19,N,https://en.wikipedia.org/wiki/Take_On_Me,https://en.wikipedia.org/wiki/A-ha
581,Saving All My Love for You,Whitney Houston,1985-10-26,1985,1,1985-10-26,N,https://en.wikipedia.org/wiki/Saving_All_My_Love_for_You,https://en.wikipedia.org/wiki/Whitney_Houston
582,Part-Time Lover,Stevie Wonder,1985-11-02,1985,1,1985-11-02,N,https://en.wikipedia.org/wiki/Part-Time_Lover,https://en.wikipedia.org/wiki/Stevie_Wonder
583,Miami Vice Theme,Jan Hammer,1985-11-09,1985,1,1985-11-09,N,https://en.wikipedia.org/wiki/Miami_Vice_Theme,https://en.wikipedia.org/wiki/Jan_Hammer
584,We Built This City,Starship,1985-11-16,1985,2,1985-11-23,N,https://en.wikipedia.org/wiki/We_Built_This_City,https://en.wikipedia.org/wiki/Starship_(band)
585,Separate Lives,Phil Collins and Marilyn Martin,1985-11-30,1985,1,1985-11-30,N,https://en.wikipedia.org/wiki/Separate_Lives,https://en.wikipedia.org/wiki/Marilyn_Martin
586,Broken Wings,Mr. Mister,1985-12-07,1985,2,1985-12-14,N,https://en.wikipedia.org/wiki/Broken_Wings_(Mr._Mister_song),https://en.wikipedia.org/wiki/Mr._Mister
587,"Say You, Say Me",Lionel Richie,1985-12-21,1985,4,1986-01-11,N,"https://en.wikipedia.org/wiki/Say_You,_Say_Me",https://en.wikipedia.org/wiki/Lionel_Richie
588,That's What Friends Are For,Dionne and Friends,1986-01-18,1986,4,1986-02-08,N,NA,https://en.wikipedia.org/wiki/Dionne_Warwick
589,How Will I Know,Whitney Houston,1986-02-15,1986,2,1986-02-22,N,https://en.wikipedia.org/wiki/How_Will_I_Know,https://en.wikipedia.org/wiki/Whitney_Houston
590,Kyrie,Mr. Mister,1986-03-01,1986,2,1986-03-08,N,https://en.wikipedia.org/wiki/Kyrie_(song),https://en.wikipedia.org/wiki/Mr._Mister
591,Sara,Starship,1986-03-15,1986,1,1986-03-15,N,https://en.wikipedia.org/wiki/Sara_(Starship_song),https://en.wikipedia.org/wiki/Starship_(band)
592,These Dreams,Heart,1986-03-22,1986,1,1986-03-22,N,https://en.wikipedia.org/wiki/These_Dreams,https://en.wikipedia.org/wiki/Heart_(band)
593,Rock Me Amadeus,Falco,1986-03-29,1986,3,1986-04-12,N,https://en.wikipedia.org/wiki/Rock_Me_Amadeus,https://en.wikipedia.org/wiki/Falco_(musician)
594,Kiss,Prince and the Revolution,1986-04-19,1986,2,1986-04-26,N,https://en.wikipedia.org/wiki/Kiss_(Prince_song),https://en.wikipedia.org/wiki/Prince_(musician)
595,Addicted to Love,Robert Palmer,1986-05-03,1986,1,1986-05-03,N,https://en.wikipedia.org/wiki/Addicted_to_Love_(song),https://en.wikipedia.org/wiki/Robert_Palmer_(singer)
596,West End Girls,Pet Shop Boys,1986-05-10,1986,1,1986-05-10,N,https://en.wikipedia.org/wiki/West_End_Girls,https://en.wikipedia.org/wiki/Pet_Shop_Boys
597,Greatest Love of All,Whitney Houston,1986-05-17,1986,3,1986-05-31,N,NA,NA
598,Live to Tell,Madonna,1986-06-07,1986,1,1986-06-07,N,https://en.wikipedia.org/wiki/Live_to_Tell,https://en.wikipedia.org/wiki/Madonna
599,On My Own,Patti LaBelle and Michael McDonald,1986-06-14,1986,3,1986-06-28,N,https://en.wikipedia.org/wiki/On_My_Own_(Patti_LaBelle_and_Michael_McDonald_song),https://en.wikipedia.org/wiki/Patti_LaBelle
600,There'll Be Sad Songs (To Make You Cry),Billy Ocean,1986-07-05,1986,1,1986-07-05,N,https://en.wikipedia.org/wiki/There'll_Be_Sad_Songs_(To_Make_You_Cry),https://en.wikipedia.org/wiki/Billy_Ocean
601,Holding Back the Years,Simply Red,1986-07-12,1986,1,1986-07-12,N,https://en.wikipedia.org/wiki/Holding_Back_the_Years,https://en.wikipedia.org/wiki/Simply_Red
602,Invisible Touch,Genesis,1986-07-19,1986,1,1986-07-19,N,https://en.wikipedia.org/wiki/Invisible_Touch_(song),https://en.wikipedia.org/wiki/Genesis_(band)
603,Sledgehammer,Peter Gabriel,1986-07-26,1986,1,1986-07-26,N,https://en.wikipedia.org/wiki/Sledgehammer_(Peter_Gabriel_song),https://en.wikipedia.org/wiki/Peter_Gabriel
604,Glory of Love,Peter Cetera,1986-08-02,1986,2,1986-08-09,N,https://en.wikipedia.org/wiki/Glory_of_Love_(Peter_Cetera_song),https://en.wikipedia.org/wiki/Peter_Cetera
605,Papa Don't Preach,Madonna,1986-08-16,1986,2,1986-08-23,N,https://en.wikipedia.org/wiki/Papa_Don't_Preach,NA
606,Higher Love,Steve Winwood,1986-08-30,1986,1,1986-08-30,N,https://en.wikipedia.org/wiki/Higher_Love,https://en.wikipedia.org/wiki/Steve_Winwood
607,Venus,Bananarama,1986-09-06,1986,1,1986-09-06,N,NA,https://en.wikipedia.org/wiki/Bananarama
608,Take My Breath Away,Berlin,1986-09-13,1986,1,1986-09-13,N,https://en.wikipedia.org/wiki/Take_My_Breath_Away,https://en.wikipedia.org/wiki/Berlin_(band)
609,Stuck with You,Huey Lewis and the News,1986-09-20,1986,3,1986-10-04,N,https://en.wikipedia.org/wiki/Stuck_with_You,https://en.wikipedia.org/wiki/Huey_Lewis_and_the_News
610,When I Think of You,Janet Jackson,1986-10-11,1986,2,1986-10-18,N,https://en.wikipedia.org/wiki/When_I_Think_of_You,https://en.wikipedia.org/wiki/Janet_Jackson
611,True Colors,Cyndi Lauper,1986-10-25,1986,2,1986-11-01,N,https://en.wikipedia.org/wiki/True_Colors_(Cyndi_Lauper_song),https://en.wikipedia.org/wiki/Cyndi_Lauper
612,Amanda,Boston,1986-11-08,1986,2,1986-11-15,N,https://en.wikipedia.org/wiki/Amanda_(Boston_song),https://en.wikipedia.org/wiki/Boston_(band)
613,Human,The Human League,1986-11-22,1986,1,1986-11-22,N,https://en.wikipedia.org/wiki/Human_(The_Human_League_song),https://en.wikipedia.org/wiki/The_Human_League
614,You Give Love a Bad Name,Bon Jovi,1986-11-29,1986,1,1986-11-29,N,https://en.wikipedia.org/wiki/You_Give_Love_a_Bad_Name,https://en.wikipedia.org/wiki/Bon_Jovi
615,The Next Time I Fall,Peter Cetera and Amy Grant,1986-12-06,1986,1,1986-12-06,N,https://en.wikipedia.org/wiki/The_Next_Time_I_Fall,https://en.wikipedia.org/wiki/Amy_Grant
616,The Way It Is,Bruce Hornsby & the Range,1986-12-13,1986,1,1986-12-13,N,https://en.wikipedia.org/wiki/The_Way_It_Is_(Bruce_Hornsby_song),https://en.wikipedia.org/wiki/Bruce_Hornsby
617,Walk Like an Egyptian,The Bangles,1986-12-20,1986,4,1987-01-10,N,https://en.wikipedia.org/wiki/Walk_Like_an_Egyptian,https://en.wikipedia.org/wiki/The_Bangles
618,Shake You Down,Gregory Abbott,1987-01-17,1987,1,1987-01-17,N,https://en.wikipedia.org/wiki/Shake_You_Down,https://en.wikipedia.org/wiki/Gregory_Abbott
619,At This Moment,Billy Vera and the Beaters,1987-01-24,1987,2,1987-01-31,N,https://en.wikipedia.org/wiki/At_This_Moment,https://en.wikipedia.org/wiki/Billy_Vera
620,Open Your Heart,Madonna,1987-02-07,1987,1,1987-02-07,N,https://en.wikipedia.org/wiki/Open_Your_Heart_(Madonna_song),https://en.wikipedia.org/wiki/Madonna
621,Livin' on a Prayer,Bon Jovi,1987-02-14,1987,4,1987-03-07,N,https://en.wikipedia.org/wiki/Livin'_on_a_Prayer,https://en.wikipedia.org/wiki/Bon_Jovi
622,Jacob's Ladder,Huey Lewis and the News,1987-03-14,1987,1,1987-03-14,N,https://en.wikipedia.org/wiki/Jacob's_Ladder_(Huey_Lewis_and_the_News_song),https://en.wikipedia.org/wiki/Huey_Lewis_and_the_News
623,Lean on Me,Club Nouveau,1987-03-21,1987,2,1987-03-28,N,NA,https://en.wikipedia.org/wiki/Club_Nouveau
624,Nothing's Gonna Stop Us Now,Starship,1987-04-04,1987,2,1987-04-11,N,https://en.wikipedia.org/wiki/Nothing's_Gonna_Stop_Us_Now,https://en.wikipedia.org/wiki/Starship_(band)
625,I Knew You Were Waiting (For Me),Aretha Franklin and George Michael,1987-04-18,1987,2,1987-04-25,N,https://en.wikipedia.org/wiki/I_Knew_You_Were_Waiting_(For_Me),https://en.wikipedia.org/wiki/Aretha_Franklin
626,(I Just) Died in Your Arms,Cutting Crew,1987-05-02,1987,2,1987-05-09,N,https://en.wikipedia.org/wiki/(I_Just)_Died_in_Your_Arms,https://en.wikipedia.org/wiki/Cutting_Crew
627,With or Without You,U2,1987-05-16,1987,3,1987-05-30,N,https://en.wikipedia.org/wiki/With_or_Without_You,https://en.wikipedia.org/wiki/U2
628,You Keep Me Hangin' On,Kim Wilde,1987-06-06,1987,1,1987-06-06,N,NA,https://en.wikipedia.org/wiki/Kim_Wilde
629,Always,Atlantic Starr,1987-06-13,1987,1,1987-06-13,N,https://en.wikipedia.org/wiki/Always_(Atlantic_Starr_song),https://en.wikipedia.org/wiki/Atlantic_Starr
630,Head to Toe,Lisa Lisa and Cult Jam,1987-06-20,1987,1,1987-06-20,N,https://en.wikipedia.org/wiki/Head_to_Toe_(Lisa_Lisa_and_Cult_Jam_song),https://en.wikipedia.org/wiki/Lisa_Lisa_and_Cult_Jam
631,I Wanna Dance with Somebody (Who Loves Me),Whitney Houston,1987-06-27,1987,2,1987-07-04,N,https://en.wikipedia.org/wiki/I_Wanna_Dance_with_Somebody_(Who_Loves_Me),https://en.wikipedia.org/wiki/Whitney_Houston
632,Alone,Heart,1987-07-11,1987,3,1987-07-25,N,https://en.wikipedia.org/wiki/Alone_(Heart_song),https://en.wikipedia.org/wiki/Heart_(band)
633,Shakedown,Bob Seger,1987-08-01,1987,1,1987-08-01,N,https://en.wikipedia.org/wiki/Shakedown_(Bob_Seger_song),https://en.wikipedia.org/wiki/Bob_Seger
634,I Still Haven't Found What I'm Looking For,U2,1987-08-08,1987,2,1987-08-15,N,https://en.wikipedia.org/wiki/I_Still_Haven't_Found_What_I'm_Looking_For,NA
635,Who's That Girl,Madonna,1987-08-22,1987,1,1987-08-22,N,https://en.wikipedia.org/wiki/Who's_That_Girl_(Madonna_song),NA
636,La Bamba,Los Lobos,1987-08-29,1987,3,1987-09-12,N,NA,https://en.wikipedia.org/wiki/Los_Lobos
637,I Just Can't Stop Loving You,Michael Jackson with Siedah Garrett,1987-09-19,1987,1,1987-09-19,N,https://en.wikipedia.org/wiki/I_Just_Can't_Stop_Loving_You,https://en.wikipedia.org/wiki/Michael_Jackson
638,Didn't We Almost Have It All,Whitney Houston,1987-09-26,1987,2,1987-10-03,N,https://en.wikipedia.org/wiki/Didn't_We_Almost_Have_It_All,NA
639,Here I Go Again,Whitesnake,1987-10-10,1987,1,1987-10-10,N,https://en.wikipedia.org/wiki/Here_I_Go_Again,https://en.wikipedia.org/wiki/Whitesnake
640,Lost in Emotion,Lisa Lisa and Cult Jam,1987-10-17,1987,1,1987-10-17,N,https://en.wikipedia.org/wiki/Lost_in_Emotion,NA
641,Bad,Michael Jackson,1987-10-24,1987,2,1987-10-31,N,https://en.wikipedia.org/wiki/Bad_(Michael_Jackson_song),NA
642,I Think We're Alone Now,Tiffany,1987-11-07,1987,2,1987-11-14,N,NA,https://en.wikipedia.org/wiki/Tiffany_Darwish
643,Mony Mony,Billy Idol,1987-11-21,1987,1,1987-11-21,N,NA,https://en.wikipedia.org/wiki/Billy_Idol
644,(I've Had) The Time of My Life,Bill Medley and Jennifer Warnes,1987-11-28,1987,1,1987-11-28,N,https://en.wikipedia.org/wiki/(I've_Had)_The_Time_of_My_Life,https://en.wikipedia.org/wiki/Bill_Medley
645,Heaven Is a Place on Earth,Belinda Carlisle,1987-12-05,1987,1,1987-12-05,N,https://en.wikipedia.org/wiki/Heaven_Is_a_Place_on_Earth,https://en.wikipedia.org/wiki/Belinda_Carlisle
646,Faith,George Michael,1987-12-12,1987,4,1988-01-02,N,https://en.wikipedia.org/wiki/Faith_(George_Michael_song),NA
647,So Emotional,Whitney Houston,1988-01-09,1988,1,1988-01-09,N,https://en.wikipedia.org/wiki/So_Emotional,https://en.wikipedia.org/wiki/Whitney_Houston
648,Got My Mind Set on You,George Harrison,1988-01-16,1988,1,1988-01-16,N,NA,https://en.wikipedia.org/wiki/George_Harrison
649,The Way You Make Me Feel,Michael Jackson,1988-01-23,1988,1,1988-01-23,N,https://en.wikipedia.org/wiki/The_Way_You_Make_Me_Feel,https://en.wikipedia.org/wiki/Michael_Jackson
650,Need You Tonight,INXS,1988-01-30,1988,1,1988-01-30,N,https://en.wikipedia.org/wiki/Need_You_Tonight,https://en.wikipedia.org/wiki/INXS
651,Could've Been,Tiffany,1988-02-06,1988,2,1988-02-13,N,https://en.wikipedia.org/wiki/Could've_Been_(Tiffany_song),https://en.wikipedia.org/wiki/Tiffany_Darwish
652,Seasons Change,Exposé,1988-02-20,1988,1,1988-02-20,N,https://en.wikipedia.org/wiki/Seasons_Change_(song),https://en.wikipedia.org/wiki/Exposé_(group)
653,Father Figure,George Michael,1988-02-27,1988,2,1988-03-05,N,https://en.wikipedia.org/wiki/Father_Figure_(George_Michael_song),NA
654,Never Gonna Give You Up,Rick Astley,1988-03-12,1988,2,1988-03-19,N,https://en.wikipedia.org/wiki/Never_Gonna_Give_You_Up,https://en.wikipedia.org/wiki/Rick_Astley
655,Man in the Mirror,Michael Jackson,1988-03-26,1988,2,1988-04-02,N,https://en.wikipedia.org/wiki/Man_in_the_Mirror,NA
656,"Get Outta My Dreams, Get into My Car",Billy Ocean,1988-04-09,1988,2,1988-04-16,N,"https://en.wikipedia.org/wiki/Get_Outta_My_Dreams,_Get_into_My_Car",https://en.wikipedia.org/wiki/Billy_Ocean
657,Where Do Broken Hearts Go,Whitney Houston,1988-04-23,1988,2,1988-04-30,N,https://en.wikipedia.org/wiki/Where_Do_Broken_Hearts_Go,NA
658,Wishing Well,Terence Trent D'Arby,1988-05-07,1988,1,1988-05-07,N,https://en.wikipedia.org/wiki/Wishing_Well_(Terence_Trent_D'Arby_song),https://en.wikipedia.org/wiki/Terence_Trent_D'Arby
659,Anything for You,Gloria Estefan and Miami Sound Machine,1988-05-14,1988,2,1988-05-21,N,https://en.wikipedia.org/wiki/Anything_for_You_(Gloria_Estefan_and_Miami_Sound_Machine_song),https://en.wikipedia.org/wiki/Gloria_Estefan
660,One More Try,George Michael,1988-05-28,1988,3,1988-06-11,N,https://en.wikipedia.org/wiki/One_More_Try_(George_Michael_song),NA
661,Together Forever,Rick Astley,1988-06-18,1988,1,1988-06-18,N,https://en.wikipedia.org/wiki/Together_Forever_(Rick_Astley_song),NA
662,Foolish Beat,Debbie Gibson,1988-06-25,1988,1,1988-06-25,N,https://en.wikipedia.org/wiki/Foolish_Beat,https://en.wikipedia.org/wiki/Debbie_Gibson
663,Dirty Diana,Michael Jackson,1988-07-02,1988,1,1988-07-02,N,https://en.wikipedia.org/wiki/Dirty_Diana,NA
664,The Flame,Cheap Trick,1988-07-09,1988,2,1988-07-16,N,https://en.wikipedia.org/wiki/The_Flame_(Cheap_Trick_song),https://en.wikipedia.org/wiki/Cheap_Trick
665,Hold On to the Nights,Richard Marx,1988-07-23,1988,1,1988-07-23,N,https://en.wikipedia.org/wiki/Hold_On_to_the_Nights,https://en.wikipedia.org/wiki/Richard_Marx
666,Roll With It,Steve Winwood,1988-07-30,1988,4,1988-08-20,N,https://en.wikipedia.org/wiki/Roll_with_It_(Steve_Winwood_song),https://en.wikipedia.org/wiki/Steve_Winwood
667,Monkey,George Michael,1988-08-27,1988,2,1988-09-03,N,https://en.wikipedia.org/wiki/Monkey_(song),NA
668,Sweet Child o' Mine,Guns N' Roses,1988-09-10,1988,2,1988-09-17,N,https://en.wikipedia.org/wiki/Sweet_Child_o'_Mine,https://en.wikipedia.org/wiki/Guns_N'_Roses
669,"Don't Worry, Be Happy",Bobby McFerrin,1988-09-24,1988,2,1988-10-01,N,"https://en.wikipedia.org/wiki/Don't_Worry,_Be_Happy",https://en.wikipedia.org/wiki/Bobby_McFerrin
670,Love Bites,Def Leppard,1988-10-08,1988,1,1988-10-08,N,https://en.wikipedia.org/wiki/Love_Bites_(Def_Leppard_song),https://en.wikipedia.org/wiki/Def_Leppard
671,Red Red Wine,UB40,1988-10-15,1988,1,1988-10-15,N,NA,https://en.wikipedia.org/wiki/UB40
672,A Groovy Kind of Love,Phil Collins,1988-10-22,1988,2,1988-10-29,N,NA,https://en.wikipedia.org/wiki/Phil_Collins
673,Kokomo,The Beach Boys,1988-11-05,1988,1,1988-11-05,N,https://en.wikipedia.org/wiki/Kokomo_(song),https://en.wikipedia.org/wiki/The_Beach_Boys
674,"Wild, Wild West",The Escape Club,1988-11-12,1988,1,1988-11-12,N,"https://en.wikipedia.org/wiki/Wild,_Wild_West_(The_Escape_Club_song)",https://en.wikipedia.org/wiki/The_Escape_Club
675,Bad Medicine,Bon Jovi,1988-11-19,1988,2,1988-11-26,N,https://en.wikipedia.org/wiki/Bad_Medicine_(song),https://en.wikipedia.org/wiki/Bon_Jovi
676,"Baby, I Love Your Way/Freebird Medley",Will to Power,1988-12-03,1988,1,1988-12-03,N,"https://en.wikipedia.org/wiki/Baby,_I_Love_Your_Way/Freebird_Medley",https://en.wikipedia.org/wiki/Will_to_Power_(band)
677,Look Away,Chicago,1988-12-10,1988,2,1988-12-17,N,https://en.wikipedia.org/wiki/Look_Away,https://en.wikipedia.org/wiki/Chicago_(band)
678,Every Rose Has Its Thorn,Poison,1988-12-24,1988,3,1989-01-07,N,https://en.wikipedia.org/wiki/Every_Rose_Has_Its_Thorn,https://en.wikipedia.org/wiki/Poison_(band)
679,My Prerogative,Bobby Brown,1989-01-14,1989,1,1989-01-14,N,https://en.wikipedia.org/wiki/My_Prerogative,https://en.wikipedia.org/wiki/Bobby_Brown
680,Two Hearts,Phil Collins,1989-01-21,1989,2,1989-01-28,N,https://en.wikipedia.org/wiki/Two_Hearts_(Phil_Collins_song),https://en.wikipedia.org/wiki/Phil_Collins
681,When I'm with You,Sheriff,1989-02-04,1989,1,1989-02-04,N,https://en.wikipedia.org/wiki/When_I'm_with_You_(Sheriff_song),https://en.wikipedia.org/wiki/Sheriff_(band)
682,Straight Up,Paula Abdul,1989-02-11,1989,3,1989-02-25,N,https://en.wikipedia.org/wiki/Straight_Up_(Paula_Abdul_song),https://en.wikipedia.org/wiki/Paula_Abdul
683,Lost in Your Eyes,Debbie Gibson,1989-03-04,1989,3,1989-03-18,N,https://en.wikipedia.org/wiki/Lost_in_Your_Eyes,https://en.wikipedia.org/wiki/Debbie_Gibson
684,The Living Years,Mike + the Mechanics,1989-03-25,1989,1,1989-03-25,N,https://en.wikipedia.org/wiki/The_Living_Years,https://en.wikipedia.org/wiki/Mike_and_the_Mechanics
685,Eternal Flame,The Bangles,1989-04-01,1989,1,1989-04-01,N,https://en.wikipedia.org/wiki/Eternal_Flame_(song),https://en.wikipedia.org/wiki/The_Bangles
686,The Look,Roxette,1989-04-08,1989,1,1989-04-08,N,https://en.wikipedia.org/wiki/The_Look,https://en.wikipedia.org/wiki/Roxette
687,She Drives Me Crazy,Fine Young Cannibals,1989-04-15,1989,1,1989-04-15,N,https://en.wikipedia.org/wiki/She_Drives_Me_Crazy,https://en.wikipedia.org/wiki/Fine_Young_Cannibals
688,Like a Prayer,Madonna,1989-04-22,1989,3,1989-05-06,N,https://en.wikipedia.org/wiki/Like_a_Prayer_(song),https://en.wikipedia.org/wiki/Madonna
689,I'll Be There for You,Bon Jovi,1989-05-13,1989,1,1989-05-13,N,https://en.wikipedia.org/wiki/I'll_Be_There_for_You_(Bon_Jovi_song),https://en.wikipedia.org/wiki/Bon_Jovi
690,Forever Your Girl,Paula Abdul,1989-05-20,1989,2,1989-05-27,N,https://en.wikipedia.org/wiki/Forever_Your_Girl_(song),NA
691,Rock On,Michael Damian,1989-06-03,1989,1,1989-06-03,N,NA,https://en.wikipedia.org/wiki/Michael_Damian
692,Wind Beneath My Wings,Bette Midler,1989-06-10,1989,1,1989-06-10,N,NA,https://en.wikipedia.org/wiki/Bette_Midler
693,I'll Be Loving You (Forever),New Kids on the Block,1989-06-17,1989,1,1989-06-17,N,https://en.wikipedia.org/wiki/I'll_Be_Loving_You_(Forever),https://en.wikipedia.org/wiki/New_Kids_on_the_Block
694,Satisfied,Richard Marx,1989-06-24,1989,1,1989-06-24,N,https://en.wikipedia.org/wiki/Satisfied_(Richard_Marx_song),https://en.wikipedia.org/wiki/Richard_Marx
695,Baby Don't Forget My Number,Milli Vanilli,1989-07-01,1989,1,1989-07-01,N,https://en.wikipedia.org/wiki/Baby_Don't_Forget_My_Number,https://en.wikipedia.org/wiki/Milli_Vanilli
696,Good Thing,Fine Young Cannibals,1989-07-08,1989,1,1989-07-08,N,https://en.wikipedia.org/wiki/Good_Thing_(Fine_Young_Cannibals_song),NA
697,If You Don't Know Me by Now,Simply Red,1989-07-15,1989,1,1989-07-15,N,https://en.wikipedia.org/wiki/If_You_Don't_Know_Me_by_Now,https://en.wikipedia.org/wiki/Simply_Red
698,Toy Soldiers,Martika,1989-07-22,1989,2,1989-07-29,N,https://en.wikipedia.org/wiki/Toy_Soldiers_(song),https://en.wikipedia.org/wiki/Martika
699,Batdance,Prince,1989-08-05,1989,1,1989-08-05,N,https://en.wikipedia.org/wiki/Batdance,https://en.wikipedia.org/wiki/Prince_(musician)
700,Right Here Waiting,Richard Marx,1989-08-12,1989,3,1989-08-26,N,https://en.wikipedia.org/wiki/Right_Here_Waiting,NA
701,Cold Hearted,Paula Abdul,1989-09-02,1989,1,1989-09-02,N,https://en.wikipedia.org/wiki/Cold_Hearted_(Paula_Abdul_song),NA
702,Hangin' Tough,New Kids on the Block,1989-09-09,1989,1,1989-09-09,N,https://en.wikipedia.org/wiki/Hangin'_Tough_(song),NA
703,Don't Wanna Lose You,Gloria Estefan,1989-09-16,1989,1,1989-09-16,N,https://en.wikipedia.org/wiki/Don't_Wanna_Lose_You,https://en.wikipedia.org/wiki/Gloria_Estefan
704,Girl I'm Gonna Miss You,Milli Vanilli,1989-09-23,1989,2,1989-09-30,N,https://en.wikipedia.org/wiki/Girl_I'm_Gonna_Miss_You,NA
705,Miss You Much,Janet Jackson,1989-10-07,1989,4,1989-10-28,N,https://en.wikipedia.org/wiki/Miss_You_Much,https://en.wikipedia.org/wiki/Janet_Jackson
706,Listen to Your Heart,Roxette,1989-11-04,1989,1,1989-11-04,N,https://en.wikipedia.org/wiki/Listen_to_Your_Heart_(Roxette_song),NA
707,When I See You Smile,Bad English,1989-11-11,1989,2,1989-11-18,N,https://en.wikipedia.org/wiki/When_I_See_You_Smile,https://en.wikipedia.org/wiki/Bad_English
708,Blame It on the Rain,Milli Vanilli,1989-11-25,1989,2,1989-12-02,N,https://en.wikipedia.org/wiki/Blame_It_on_the_Rain,NA
709,We Didn't Start the Fire,Billy Joel,1989-12-09,1989,2,1989-12-16,N,https://en.wikipedia.org/wiki/We_Didn't_Start_the_Fire,https://en.wikipedia.org/wiki/Billy_Joel
710,Another Day in Paradise,Phil Collins,1989-12-23,1989,4,1990-01-13,N,https://en.wikipedia.org/wiki/Another_Day_in_Paradise,NA
711,How Am I Supposed to Live Without You,Michael Bolton,1990-01-20,1990,3,1990-02-03,N,https://en.wikipedia.org/wiki/How_Am_I_Supposed_to_Live_Without_You,https://en.wikipedia.org/wiki/Michael_Bolton
712,Opposites Attract,Paula Abdul with The Wild Pair,1990-02-10,1990,3,1990-02-24,N,https://en.wikipedia.org/wiki/Opposites_Attract,https://en.wikipedia.org/wiki/Paula_Abdul
713,Escapade,Janet Jackson,1990-03-03,1990,3,1990-03-17,N,https://en.wikipedia.org/wiki/Escapade_(song),https://en.wikipedia.org/wiki/Janet_Jackson
714,Black Velvet,Alannah Myles,1990-03-24,1990,2,1990-03-31,N,https://en.wikipedia.org/wiki/Black_Velvet_(song),https://en.wikipedia.org/wiki/Alannah_Myles
715,Love Will Lead You Back,Taylor Dayne,1990-04-07,1990,1,1990-04-07,N,https://en.wikipedia.org/wiki/Love_Will_Lead_You_Back,https://en.wikipedia.org/wiki/Taylor_Dayne
716,I'll Be Your Everything,Tommy Page,1990-04-14,1990,1,1990-04-14,N,https://en.wikipedia.org/wiki/I'll_Be_Your_Everything_(Tommy_Page_song),https://en.wikipedia.org/wiki/Tommy_Page
717,Nothing Compares 2 U,Sinéad O'Connor,1990-04-21,1990,4,1990-05-12,N,https://en.wikipedia.org/wiki/Nothing_Compares_2_U,https://en.wikipedia.org/wiki/Sinéad_O'Connor
718,Vogue,Madonna,1990-05-19,1990,3,1990-06-02,N,https://en.wikipedia.org/wiki/Vogue_(Madonna_song),https://en.wikipedia.org/wiki/Madonna
719,Hold On,Wilson Phillips,1990-06-09,1990,1,1990-06-09,N,https://en.wikipedia.org/wiki/Hold_On_(Wilson_Phillips_song),https://en.wikipedia.org/wiki/Wilson_Phillips
720,It Must Have Been Love,Roxette,1990-06-16,1990,2,1990-06-23,N,https://en.wikipedia.org/wiki/It_Must_Have_Been_Love,https://en.wikipedia.org/wiki/Roxette
721,Step by Step,New Kids on the Block,1990-06-30,1990,3,1990-07-14,N,https://en.wikipedia.org/wiki/Step_by_Step_(New_Kids_on_the_Block_song),https://en.wikipedia.org/wiki/New_Kids_on_the_Block
722,She Ain't Worth It,Glenn Medeiros featuring Bobby Brown,1990-07-21,1990,2,1990-07-28,N,https://en.wikipedia.org/wiki/She_Ain't_Worth_It,https://en.wikipedia.org/wiki/Glenn_Medeiros
723,Vision of Love,Mariah Carey,1990-08-04,1990,4,1990-08-25,N,https://en.wikipedia.org/wiki/Vision_of_Love,https://en.wikipedia.org/wiki/Mariah_Carey
724,If Wishes Came True,Sweet Sensation,1990-09-01,1990,1,1990-09-01,N,https://en.wikipedia.org/wiki/If_Wishes_Came_True,https://en.wikipedia.org/wiki/Sweet_Sensation_(trio)
725,Blaze of Glory,Jon Bon Jovi,1990-09-08,1990,1,1990-09-08,N,https://en.wikipedia.org/wiki/Blaze_of_Glory_(Jon_Bon_Jovi_song),https://en.wikipedia.org/wiki/Jon_Bon_Jovi
726,Release Me,Wilson Phillips,1990-09-15,1990,2,1990-09-22,N,https://en.wikipedia.org/wiki/Release_Me_(Wilson_Phillips_song),NA
727,(Can't Live Without Your) Love and Affection,Nelson,1990-09-29,1990,1,1990-09-29,N,https://en.wikipedia.org/wiki/(Can't_Live_Without_Your)_Love_and_Affection,https://en.wikipedia.org/wiki/Nelson_(band)
728,Close to You,Maxi Priest,1990-10-06,1990,1,1990-10-06,N,https://en.wikipedia.org/wiki/Close_to_You_(Maxi_Priest_song),https://en.wikipedia.org/wiki/Maxi_Priest
729,Praying for Time,George Michael,1990-10-13,1990,1,1990-10-13,N,https://en.wikipedia.org/wiki/Praying_for_Time,https://en.wikipedia.org/wiki/George_Michael
730,I Don't Have the Heart,James Ingram,1990-10-20,1990,1,1990-10-20,N,https://en.wikipedia.org/wiki/I_Don't_Have_the_Heart,https://en.wikipedia.org/wiki/James_Ingram
731,Black Cat,Janet Jackson,1990-10-27,1990,1,1990-10-27,N,https://en.wikipedia.org/wiki/Black_Cat_(song),NA
732,Ice Ice Baby,Vanilla Ice,1990-11-03,1990,1,1990-11-03,N,https://en.wikipedia.org/wiki/Ice_Ice_Baby,https://en.wikipedia.org/wiki/Vanilla_Ice
733,Love Takes Time,Mariah Carey,1990-11-10,1990,3,1990-11-24,N,https://en.wikipedia.org/wiki/Love_Takes_Time,NA
734,I'm Your Baby Tonight,Whitney Houston,1990-12-01,1990,1,1990-12-01,N,https://en.wikipedia.org/wiki/I'm_Your_Baby_Tonight_(song),https://en.wikipedia.org/wiki/Whitney_Houston
735,Because I Love You (The Postman Song),Stevie B,1990-12-08,1990,4,1990-12-29,N,https://en.wikipedia.org/wiki/Because_I_Love_You_(The_Postman_Song),https://en.wikipedia.org/wiki/Stevie_B
736,Justify My Love,Madonna,1991-01-05,1991,2,1991-01-12,N,https://en.wikipedia.org/wiki/Justify_My_Love,https://en.wikipedia.org/wiki/Madonna
737,Love Will Never Do (Without You),Janet Jackson,1991-01-19,1991,1,1991-01-19,N,https://en.wikipedia.org/wiki/Love_Will_Never_Do_(Without_You),https://en.wikipedia.org/wiki/Janet_Jackson
738,The First Time,Surface,1991-01-26,1991,2,1991-02-02,N,https://en.wikipedia.org/wiki/The_First_Time_(Surface_song),https://en.wikipedia.org/wiki/Surface_(band)
739,Gonna Make You Sweat (Everybody Dance Now),C+C Music Factory featuring Freedom Williams,1991-02-09,1991,2,1991-02-16,N,https://en.wikipedia.org/wiki/Gonna_Make_You_Sweat_(Everybody_Dance_Now),https://en.wikipedia.org/wiki/C+C_Music_Factory
740,All the Man That I Need,Whitney Houston,1991-02-23,1991,2,1991-03-02,N,https://en.wikipedia.org/wiki/All_the_Man_That_I_Need,https://en.wikipedia.org/wiki/Whitney_Houston
741,Someday,Mariah Carey,1991-03-09,1991,2,1991-03-16,N,https://en.wikipedia.org/wiki/Someday_(Mariah_Carey_song),https://en.wikipedia.org/wiki/Mariah_Carey
742,One More Try,Timmy T,1991-03-23,1991,1,1991-03-23,N,https://en.wikipedia.org/wiki/One_More_Try_(Timmy_T_song),https://en.wikipedia.org/wiki/Timmy_T
743,Coming Out of the Dark,Gloria Estefan,1991-03-30,1991,2,1991-04-06,N,https://en.wikipedia.org/wiki/Coming_Out_of_the_Dark,https://en.wikipedia.org/wiki/Gloria_Estefan
744,I've Been Thinking About You,Londonbeat,1991-04-13,1991,1,1991-04-13,N,https://en.wikipedia.org/wiki/I've_Been_Thinking_About_You,https://en.wikipedia.org/wiki/Londonbeat
745,You're in Love,Wilson Phillips,1991-04-20,1991,1,1991-04-20,N,https://en.wikipedia.org/wiki/You're_in_Love_(Wilson_Phillips_song),https://en.wikipedia.org/wiki/Wilson_Phillips
746,Baby Baby,Amy Grant,1991-04-27,1991,2,1991-05-04,N,https://en.wikipedia.org/wiki/Baby_Baby_(Amy_Grant_song),https://en.wikipedia.org/wiki/Amy_Grant
747,Joyride,Roxette,1991-05-11,1991,1,1991-05-11,N,https://en.wikipedia.org/wiki/Joyride_(Roxette_song),https://en.wikipedia.org/wiki/Roxette
748,I Like the Way (The Kissing Game),Hi-Five,1991-05-18,1991,1,1991-05-18,N,https://en.wikipedia.org/wiki/I_Like_the_Way_(The_Kissing_Game),https://en.wikipedia.org/wiki/Hi-Five
749,I Don't Wanna Cry,Mariah Carey,1991-05-25,1991,2,1991-06-01,N,https://en.wikipedia.org/wiki/I_Don't_Wanna_Cry,NA
750,More Than Words,Extreme,1991-06-08,1991,1,1991-06-08,N,https://en.wikipedia.org/wiki/More_Than_Words,https://en.wikipedia.org/wiki/Extreme_(band)
751,Rush Rush,Paula Abdul,1991-06-15,1991,5,1991-07-13,N,https://en.wikipedia.org/wiki/Rush_Rush_(Paula_Abdul_song),https://en.wikipedia.org/wiki/Paula_Abdul
752,Unbelievable,EMF,1991-07-20,1991,1,1991-07-20,N,https://en.wikipedia.org/wiki/Unbelievable_(EMF_song),https://en.wikipedia.org/wiki/EMF_(band)
753,(Everything I Do) I Do It for You,Bryan Adams,1991-07-27,1991,7,1991-09-07,N,https://en.wikipedia.org/wiki/(Everything_I_Do)_I_Do_It_for_You,https://en.wikipedia.org/wiki/Bryan_Adams
754,The Promise of a New Day,Paula Abdul,1991-09-14,1991,1,1991-09-14,N,https://en.wikipedia.org/wiki/The_Promise_of_a_New_Day,NA
755,I Adore Mi Amor,Color Me Badd,1991-09-21,1991,2,1991-09-28,N,https://en.wikipedia.org/wiki/I_Adore_Mi_Amor,https://en.wikipedia.org/wiki/Color_Me_Badd
756,Good Vibrations,Marky Mark and the Funky Bunch featuring Loleatta Holloway,1991-10-05,1991,1,1991-10-05,N,https://en.wikipedia.org/wiki/Good_Vibrations_(Marky_Mark_and_the_Funky_Bunch_song),https://en.wikipedia.org/wiki/Marky_Mark_and_the_Funky_Bunch
757,Emotions,Mariah Carey,1991-10-12,1991,3,1991-10-26,N,https://en.wikipedia.org/wiki/Emotions_(Mariah_Carey_song),NA
758,Romantic,Karyn White,1991-11-02,1991,1,1991-11-02,N,https://en.wikipedia.org/wiki/Romantic_(song),https://en.wikipedia.org/wiki/Karyn_White
759,Cream,Prince and the New Power Generation,1991-11-09,1991,2,1991-11-16,N,https://en.wikipedia.org/wiki/Cream_(Prince_song),https://en.wikipedia.org/wiki/Prince_(musician)
760,When a Man Loves a Woman,Michael Bolton,1991-11-23,1991,1,1991-11-23,N,NA,https://en.wikipedia.org/wiki/Michael_Bolton
761,Set Adrift on Memory Bliss,P.M. Dawn,1991-11-30,1991,1,1991-11-30,N,https://en.wikipedia.org/wiki/Set_Adrift_on_Memory_Bliss,https://en.wikipedia.org/wiki/P.M._Dawn
762,Black or White,Michael Jackson,1991-12-07,1991,7,1992-01-18,N,https://en.wikipedia.org/wiki/Black_or_White,https://en.wikipedia.org/wiki/Michael_Jackson
763,All 4 Love,Color Me Badd,1992-01-25,1992,1,1992-01-25,N,https://en.wikipedia.org/wiki/All_4_Love,https://en.wikipedia.org/wiki/Color_Me_Badd
764,Don't Let the Sun Go Down on Me,George Michael and Elton John,1992-02-01,1992,1,1992-02-01,N,NA,https://en.wikipedia.org/wiki/George_Michael
765,I'm Too Sexy,Right Said Fred,1992-02-08,1992,3,1992-02-22,N,https://en.wikipedia.org/wiki/I'm_Too_Sexy,https://en.wikipedia.org/wiki/Right_Said_Fred
766,To Be with You,Mr. Big,1992-02-29,1992,3,1992-03-14,N,https://en.wikipedia.org/wiki/To_Be_with_You,https://en.wikipedia.org/wiki/Mr._Big_(American_band)
767,Save the Best for Last,Vanessa Williams,1992-03-21,1992,5,1992-04-18,N,https://en.wikipedia.org/wiki/Save_the_Best_for_Last,https://en.wikipedia.org/wiki/Vanessa_Williams
768,Jump,Kris Kross,1992-04-25,1992,8,1992-06-13,N,https://en.wikipedia.org/wiki/Jump_(Kris_Kross_song),https://en.wikipedia.org/wiki/Kris_Kross
769,I'll Be There,Mariah Carey,1992-06-20,1992,2,1992-06-27,N,https://en.wikipedia.org/wiki/I'll_Be_There_(Mariah_Carey_recording),https://en.wikipedia.org/wiki/Mariah_Carey
770,Baby Got Back,Sir Mix-a-Lot,1992-07-04,1992,5,1992-08-01,N,https://en.wikipedia.org/wiki/Baby_Got_Back,https://en.wikipedia.org/wiki/Sir_Mix-a-Lot
771,This Used to Be My Playground,Madonna,1992-08-08,1992,1,1992-08-08,N,https://en.wikipedia.org/wiki/This_Used_to_Be_My_Playground,https://en.wikipedia.org/wiki/Madonna
772,End of the Road,Boyz II Men,1992-08-15,1992,13,1992-11-07,N,https://en.wikipedia.org/wiki/End_of_the_Road_(Boyz_II_Men_song),https://en.wikipedia.org/wiki/Boyz_II_Men
773,How Do You Talk to an Angel,The Heights,1992-11-14,1992,2,1992-11-21,N,https://en.wikipedia.org/wiki/How_Do_You_Talk_to_an_Angel,https://en.wikipedia.org/wiki/The_Heights_(American_TV_series)
774,I Will Always Love You,Whitney Houston,1992-11-28,1992,14,1993-02-27,N,https://en.wikipedia.org/wiki/I_Will_Always_Love_You_(Whitney_Houston_recording),https://en.wikipedia.org/wiki/Whitney_Houston
775,A Whole New World,Peabo Bryson and Regina Belle,1993-03-06,1993,1,1993-03-06,N,https://en.wikipedia.org/wiki/A_Whole_New_World,https://en.wikipedia.org/wiki/Peabo_Bryson
776,Informer,Snow,1993-03-13,1993,7,1993-04-24,N,https://en.wikipedia.org/wiki/Informer_(song),https://en.wikipedia.org/wiki/Snow_(musician)
777,Freak Me,Silk,1993-05-01,1993,2,1993-05-08,N,https://en.wikipedia.org/wiki/Freak_Me,https://en.wikipedia.org/wiki/Silk_(group)
778,That's the Way Love Goes,Janet Jackson,1993-05-15,1993,8,1993-07-03,N,https://en.wikipedia.org/wiki/That's_the_Way_Love_Goes_(Janet_Jackson_song),https://en.wikipedia.org/wiki/Janet_Jackson
779,Weak,SWV,1993-07-10,1993,2,1993-07-17,N,https://en.wikipedia.org/wiki/Weak_(SWV_song),https://en.wikipedia.org/wiki/SWV
780,Can't Help Falling in Love,UB40,1993-07-24,1993,7,1993-09-04,N,NA,https://en.wikipedia.org/wiki/UB40
781,Dreamlover,Mariah Carey,1993-09-11,1993,8,1993-10-30,N,https://en.wikipedia.org/wiki/Dreamlover_(song),https://en.wikipedia.org/wiki/Mariah_Carey
782,I'd Do Anything for Love (But I Won't Do That),Meat Loaf,1993-11-06,1993,5,1993-12-04,N,https://en.wikipedia.org/wiki/I'd_Do_Anything_for_Love_(But_I_Won't_Do_That),https://en.wikipedia.org/wiki/Meat_Loaf
783,Again,Janet Jackson,1993-12-11,1993,2,1993-12-18,N,https://en.wikipedia.org/wiki/Again_(Janet_Jackson_song),NA
784,Hero,Mariah Carey,1993-12-25,1993,4,1994-01-15,N,https://en.wikipedia.org/wiki/Hero_(Mariah_Carey_song),NA
785,All for Love,Bryan Adams / Rod Stewart / Sting,1994-01-22,1994,3,1994-02-05,N,https://en.wikipedia.org/wiki/All_for_Love_(song),https://en.wikipedia.org/wiki/Bryan_Adams
786,The Power of Love,Céline Dion,1994-02-12,1994,4,1994-03-05,N,NA,https://en.wikipedia.org/wiki/Celine_Dion
787,The Sign,Ace of Base,1994-03-12,1994,6,1994-05-14,Y,https://en.wikipedia.org/wiki/The_Sign_(song),https://en.wikipedia.org/wiki/Ace_of_Base
788,Bump n' Grind,R. Kelly,1994-04-09,1994,4,1994-04-30,N,https://en.wikipedia.org/wiki/Bump_n'_Grind_(R._Kelly_song),https://en.wikipedia.org/wiki/R._Kelly
789,I Swear,All-4-One,1994-05-21,1994,11,1994-07-30,N,NA,https://en.wikipedia.org/wiki/All-4-One
790,Stay (I Missed You),Lisa Loeb & Nine Stories,1994-08-06,1994,3,1994-08-20,N,https://en.wikipedia.org/wiki/Stay_(I_Missed_You),https://en.wikipedia.org/wiki/Lisa_Loeb
791,I'll Make Love to You,Boyz II Men,1994-08-27,1994,14,1994-11-26,N,https://en.wikipedia.org/wiki/I'll_Make_Love_to_You,https://en.wikipedia.org/wiki/Boyz_II_Men
792,On Bended Knee,Boyz II Men,1994-12-03,1994,6,1995-01-21,Y,https://en.wikipedia.org/wiki/On_Bended_Knee,https://en.wikipedia.org/wiki/Boyz_II_Men
793,Here Comes the Hotstepper,Ini Kamoze,1994-12-17,1994,2,1994-12-24,N,https://en.wikipedia.org/wiki/Here_Comes_the_Hotstepper,https://en.wikipedia.org/wiki/Ini_Kamoze
794,Creep,TLC,1995-01-28,1995,4,1995-02-18,N,https://en.wikipedia.org/wiki/Creep_(TLC_song),https://en.wikipedia.org/wiki/TLC_(music)
795,Take a Bow,Madonna,1995-02-25,1995,7,1995-04-08,N,https://en.wikipedia.org/wiki/Take_a_Bow_(Madonna_song),https://en.wikipedia.org/wiki/Madonna
796,This Is How We Do It,Montell Jordan,1995-04-15,1995,7,1995-05-27,N,https://en.wikipedia.org/wiki/This_Is_How_We_Do_It,https://en.wikipedia.org/wiki/Montell_Jordan
797,Have You Ever Really Loved a Woman?,Bryan Adams,1995-06-03,1995,5,1995-07-01,N,https://en.wikipedia.org/wiki/Have_You_Ever_Really_Loved_a_Woman%3F,https://en.wikipedia.org/wiki/Bryan_Adams
798,Waterfalls,TLC,1995-07-08,1995,7,1995-08-19,N,https://en.wikipedia.org/wiki/Waterfalls_(TLC_song),NA
799,Kiss from a Rose,Seal,1995-08-26,1995,1,1995-08-26,N,https://en.wikipedia.org/wiki/Kiss_from_a_Rose,https://en.wikipedia.org/wiki/Seal_(musician)
800,You Are Not Alone,Michael Jackson,1995-09-02,1995,1,1995-09-02,N,https://en.wikipedia.org/wiki/You_Are_Not_Alone,https://en.wikipedia.org/wiki/Michael_Jackson
801,Gangsta's Paradise,Coolio featuring L.V.,1995-09-09,1995,3,1995-09-23,N,https://en.wikipedia.org/wiki/Gangsta's_Paradise,https://en.wikipedia.org/wiki/Coolio
802,Fantasy,Mariah Carey,1995-09-30,1995,8,1995-11-18,N,https://en.wikipedia.org/wiki/Fantasy_(Mariah_Carey_song),https://en.wikipedia.org/wiki/Mariah_Carey
803,Exhale (Shoop Shoop),Whitney Houston,1995-11-25,1995,1,1995-11-25,N,https://en.wikipedia.org/wiki/Exhale_(Shoop_Shoop),https://en.wikipedia.org/wiki/Whitney_Houston
804,One Sweet Day,Mariah Carey and Boyz II Men,1995-12-02,1995,16,1996-03-16,N,https://en.wikipedia.org/wiki/One_Sweet_Day,NA
805,Because You Loved Me,Céline Dion,1996-03-23,1996,6,1996-04-27,N,https://en.wikipedia.org/wiki/Because_You_Loved_Me,https://en.wikipedia.org/wiki/Celine_Dion
806,Always Be My Baby,Mariah Carey,1996-05-04,1996,2,1996-05-11,N,https://en.wikipedia.org/wiki/Always_Be_My_Baby,NA
807,Tha Crossroads,Bone Thugs-n-Harmony,1996-05-18,1996,8,1996-07-06,N,https://en.wikipedia.org/wiki/Tha_Crossroads,https://en.wikipedia.org/wiki/Bone_Thugs-n-Harmony
808,"How Do U Want It"" / ""California Love",2Pac featuring K-Ci & JoJo / featuring Dr. Dre and Roger Troutman,1996-07-13,1996,2,1996-07-20,N,https://en.wikipedia.org/wiki/How_Do_U_Want_It,https://en.wikipedia.org/wiki/2Pac
809,"You're Makin' Me High"" / ""Let It Flow",Toni Braxton,1996-07-27,1996,1,1996-07-27,N,https://en.wikipedia.org/wiki/You're_Makin'_Me_High,https://en.wikipedia.org/wiki/Toni_Braxton
810,"Macarena"" (Bayside Boys Mix)",Los del Río,1996-08-03,1996,14,1996-11-02,N,https://en.wikipedia.org/wiki/Macarena,https://en.wikipedia.org/wiki/Los_del_Río
811,No Diggity,Blackstreet featuring Dr. Dre,1996-11-09,1996,4,1996-11-30,N,https://en.wikipedia.org/wiki/No_Diggity,https://en.wikipedia.org/wiki/Blackstreet
812,Un-Break My Heart,Toni Braxton,1996-12-07,1996,11,1997-02-15,N,https://en.wikipedia.org/wiki/Un-Break_My_Heart,NA
813,Wannabe,Spice Girls,1997-02-22,1997,4,1997-03-15,N,https://en.wikipedia.org/wiki/Wannabe,https://en.wikipedia.org/wiki/Spice_Girls
814,Can't Nobody Hold Me Down,Puff Daddy featuring Mase,1997-03-22,1997,6,1997-04-26,N,https://en.wikipedia.org/wiki/Can't_Nobody_Hold_Me_Down,https://en.wikipedia.org/wiki/Puff_Daddy
815,Hypnotize,The Notorious B.I.G.,1997-05-03,1997,3,1997-05-17,N,https://en.wikipedia.org/wiki/Hypnotize_(The_Notorious_B.I.G._song),https://en.wikipedia.org/wiki/The_Notorious_B.I.G.
816,MMMBop,Hanson,1997-05-24,1997,3,1997-06-07,N,https://en.wikipedia.org/wiki/MMMBop,https://en.wikipedia.org/wiki/Hanson_(band)
817,I'll Be Missing You,Puff Daddy and Faith Evans featuring 112,1997-06-14,1997,11,1997-08-23,N,https://en.wikipedia.org/wiki/I'll_Be_Missing_You,https://en.wikipedia.org/wiki/Faith_Evans
818,Mo Money Mo Problems,The Notorious B.I.G. featuring Puff Daddy and Mase,1997-08-30,1997,2,1997-09-06,N,https://en.wikipedia.org/wiki/Mo_Money_Mo_Problems,NA
819,Honey,Mariah Carey,1997-09-13,1997,3,1997-09-27,N,https://en.wikipedia.org/wiki/Honey_(Mariah_Carey_song),https://en.wikipedia.org/wiki/Mariah_Carey
820,4 Seasons of Loneliness,Boyz II Men,1997-10-04,1997,1,1997-10-04,N,https://en.wikipedia.org/wiki/4_Seasons_of_Loneliness,https://en.wikipedia.org/wiki/Boyz_II_Men
821,"Candle in the Wind 1997"" /""Something About the Way You Look Tonight",Elton John,1997-10-11,1997,14,1998-01-10,N,https://en.wikipedia.org/wiki/Candle_in_the_Wind_1997,https://en.wikipedia.org/wiki/Elton_John
822,Truly Madly Deeply,Savage Garden,1998-01-17,1998,2,1998-01-24,N,https://en.wikipedia.org/wiki/Truly_Madly_Deeply_(song),https://en.wikipedia.org/wiki/Savage_Garden
823,Together Again,Janet Jackson,1998-01-31,1998,2,1998-02-07,N,https://en.wikipedia.org/wiki/Together_Again_(Janet_Jackson_song),https://en.wikipedia.org/wiki/Janet_Jackson
824,Nice & Slow,Usher,1998-02-14,1998,2,1998-02-21,N,https://en.wikipedia.org/wiki/Nice_&_Slow,https://en.wikipedia.org/wiki/Usher_(entertainer)
825,My Heart Will Go On,Céline Dion,1998-02-28,1998,2,1998-03-07,N,https://en.wikipedia.org/wiki/My_Heart_Will_Go_On,https://en.wikipedia.org/wiki/Celine_Dion
826,Gettin' Jiggy wit It,Will Smith,1998-03-14,1998,3,1998-03-28,N,https://en.wikipedia.org/wiki/Gettin'_Jiggy_wit_It,https://en.wikipedia.org/wiki/Will_Smith
827,All My Life,K-Ci & JoJo,1998-04-04,1998,3,1998-04-18,N,https://en.wikipedia.org/wiki/All_My_Life_(K-Ci_&_JoJo_song),https://en.wikipedia.org/wiki/K-Ci_&_JoJo
828,Too Close,Next,1998-04-25,1998,5,1998-05-30,Y,https://en.wikipedia.org/wiki/Too_Close_(Next_song),https://en.wikipedia.org/wiki/Next_(American_group)
829,My All,Mariah Carey,1998-05-23,1998,1,1998-05-23,N,https://en.wikipedia.org/wiki/My_All,https://en.wikipedia.org/wiki/Mariah_Carey
830,The Boy Is Mine,Brandy and Monica,1998-06-06,1998,13,1998-08-29,N,https://en.wikipedia.org/wiki/The_Boy_Is_Mine_(Brandy_and_Monica_song),https://en.wikipedia.org/wiki/Brandy_Norwood
831,I Don't Want to Miss a Thing,Aerosmith,1998-09-05,1998,4,1998-09-26,N,https://en.wikipedia.org/wiki/I_Don't_Want_to_Miss_a_Thing,https://en.wikipedia.org/wiki/Aerosmith
832,The First Night,Monica,1998-10-03,1998,5,1998-11-07,Y,https://en.wikipedia.org/wiki/The_First_Night,NA
833,One Week,Barenaked Ladies,1998-10-17,1998,1,1998-10-17,N,https://en.wikipedia.org/wiki/One_Week_(song),https://en.wikipedia.org/wiki/Barenaked_Ladies
834,Doo Wop (That Thing),Lauryn Hill,1998-11-14,1998,2,1998-11-21,N,https://en.wikipedia.org/wiki/Doo_Wop_(That_Thing),https://en.wikipedia.org/wiki/Lauryn_Hill
835,Lately,Divine,1998-11-28,1998,1,1998-11-28,N,https://en.wikipedia.org/wiki/Lately_(Divine_song),https://en.wikipedia.org/wiki/Divine_(group)
836,I'm Your Angel,R. Kelly and Céline Dion,1998-12-05,1998,6,1999-01-09,N,https://en.wikipedia.org/wiki/I'm_Your_Angel,https://en.wikipedia.org/wiki/R._Kelly
837,Have You Ever?,Brandy,1999-01-16,1999,2,1999-01-23,N,https://en.wikipedia.org/wiki/Have_You_Ever%3F,https://en.wikipedia.org/wiki/Brandy_Norwood
838,...Baby One More Time,Britney Spears,1999-01-30,1999,2,1999-02-06,N,https://en.wikipedia.org/wiki/...Baby_One_More_Time,https://en.wikipedia.org/wiki/Britney_Spears
839,Angel of Mine,Monica,1999-02-13,1999,4,1999-03-06,N,https://en.wikipedia.org/wiki/Angel_of_Mine,https://en.wikipedia.org/wiki/Monica_(singer)
840,Believe,Cher,1999-03-13,1999,4,1999-04-03,N,https://en.wikipedia.org/wiki/Believe_(Cher_song),https://en.wikipedia.org/wiki/Cher
841,No Scrubs,TLC,1999-04-10,1999,4,1999-05-01,N,https://en.wikipedia.org/wiki/No_Scrubs,https://en.wikipedia.org/wiki/TLC_(music)
842,Livin' la Vida Loca,Ricky Martin,1999-05-08,1999,5,1999-06-05,N,https://en.wikipedia.org/wiki/Livin'_la_Vida_Loca,https://en.wikipedia.org/wiki/Ricky_Martin
843,If You Had My Love,Jennifer Lopez,1999-06-12,1999,5,1999-07-10,N,https://en.wikipedia.org/wiki/If_You_Had_My_Love,https://en.wikipedia.org/wiki/Jennifer_Lopez
844,"Bills, Bills, Bills",Destiny's Child,1999-07-17,1999,1,1999-07-17,N,"https://en.wikipedia.org/wiki/Bills,_Bills,_Bills",https://en.wikipedia.org/wiki/Destiny's_Child
845,Wild Wild West,Will Smith featuring Dru Hill and Kool Moe Dee,1999-07-24,1999,1,1999-07-24,N,https://en.wikipedia.org/wiki/Wild_Wild_West_(Will_Smith_song),https://en.wikipedia.org/wiki/Will_Smith
846,Genie in a Bottle,Christina Aguilera,1999-07-31,1999,5,1999-08-28,N,https://en.wikipedia.org/wiki/Genie_in_a_Bottle,https://en.wikipedia.org/wiki/Christina_Aguilera
847,Bailamos,Enrique Iglesias,1999-09-04,1999,2,1999-09-11,N,https://en.wikipedia.org/wiki/Bailamos,https://en.wikipedia.org/wiki/Enrique_Iglesias
848,Unpretty,TLC,1999-09-18,1999,3,1999-10-02,N,https://en.wikipedia.org/wiki/Unpretty,NA
849,Heartbreaker,Mariah Carey featuring Jay-Z,1999-10-09,1999,2,1999-10-16,N,https://en.wikipedia.org/wiki/Heartbreaker_(Mariah_Carey_song),https://en.wikipedia.org/wiki/Mariah_Carey
850,Smooth,Santana featuring Rob Thomas,1999-10-23,1999,12,2000-01-08,N,https://en.wikipedia.org/wiki/Smooth_(Santana_song),https://en.wikipedia.org/wiki/Santana_(band)
851,What a Girl Wants,Christina Aguilera,2000-01-15,2000,2,2000-01-22,N,https://en.wikipedia.org/wiki/What_a_Girl_Wants_(Christina_Aguilera_song),https://en.wikipedia.org/wiki/Christina_Aguilera
852,I Knew I Loved You,Savage Garden,2000-01-29,2000,4,2000-02-26,Y,https://en.wikipedia.org/wiki/I_Knew_I_Loved_You,https://en.wikipedia.org/wiki/Savage_Garden
853,Thank God I Found You,Mariah Carey featuring Joe and 98 Degrees,2000-02-19,2000,1,2000-02-19,N,https://en.wikipedia.org/wiki/Thank_God_I_Found_You,https://en.wikipedia.org/wiki/Mariah_Carey
854,Amazed,Lonestar,2000-03-04,2000,2,2000-03-11,N,https://en.wikipedia.org/wiki/Amazed,https://en.wikipedia.org/wiki/Lonestar
855,Say My Name,Destiny's Child,2000-03-18,2000,3,2000-04-01,N,https://en.wikipedia.org/wiki/Say_My_Name,https://en.wikipedia.org/wiki/Destiny's_Child
856,Maria Maria,Santana featuring The Product G&B,2000-04-08,2000,10,2000-06-10,N,https://en.wikipedia.org/wiki/Maria_Maria,https://en.wikipedia.org/wiki/The_Product_G&B
857,Try Again,Aaliyah,2000-06-17,2000,1,2000-06-17,N,https://en.wikipedia.org/wiki/Try_Again_(Aaliyah_song),https://en.wikipedia.org/wiki/Aaliyah
858,Be with You,Enrique Iglesias,2000-06-24,2000,3,2000-07-08,N,https://en.wikipedia.org/wiki/Be_with_You_(Enrique_Iglesias_song),https://en.wikipedia.org/wiki/Enrique_Iglesias
859,Everything You Want,Vertical Horizon,2000-07-15,2000,1,2000-07-15,N,https://en.wikipedia.org/wiki/Everything_You_Want_(Vertical_Horizon_song),https://en.wikipedia.org/wiki/Vertical_Horizon
860,Bent,Matchbox Twenty,2000-07-22,2000,1,2000-07-22,N,https://en.wikipedia.org/wiki/Bent_(Matchbox_Twenty_song),https://en.wikipedia.org/wiki/Matchbox_Twenty
861,It's Gonna Be Me,NSYNC,2000-07-29,2000,2,2000-08-05,N,https://en.wikipedia.org/wiki/It's_Gonna_Be_Me,https://en.wikipedia.org/wiki/NSYNC
862,Incomplete,Sisqó,2000-08-12,2000,2,2000-08-19,N,https://en.wikipedia.org/wiki/Incomplete_(Sisqó_song),https://en.wikipedia.org/wiki/Sisqó
863,Doesn't Really Matter,Janet,2000-08-26,2000,3,2000-09-09,N,https://en.wikipedia.org/wiki/Doesn't_Really_Matter,https://en.wikipedia.org/wiki/Janet_Jackson
864,Music,Madonna,2000-09-16,2000,4,2000-10-07,N,https://en.wikipedia.org/wiki/Music_(Madonna_song),https://en.wikipedia.org/wiki/Madonna
865,Come On Over Baby (All I Want Is You),Christina Aguilera,2000-10-14,2000,4,2000-11-04,N,https://en.wikipedia.org/wiki/Come_On_Over_Baby_(All_I_Want_Is_You),NA
866,With Arms Wide Open,Creed,2000-11-11,2000,1,2000-11-11,N,https://en.wikipedia.org/wiki/With_Arms_Wide_Open,https://en.wikipedia.org/wiki/Creed_(band)
867,Independent Women,Destiny's Child,2000-11-18,2000,11,2001-01-27,N,https://en.wikipedia.org/wiki/Independent_Women,NA
868,It Wasn't Me,"Shaggy featuring Ricardo ""RikRok"" Ducent",2001-02-03,2001,2,2001-02-10,N,https://en.wikipedia.org/wiki/It_Wasn't_Me,https://en.wikipedia.org/wiki/Shaggy_(musician)
869,Ms. Jackson,OutKast,2001-02-17,2001,1,2001-02-17,N,https://en.wikipedia.org/wiki/Ms._Jackson,https://en.wikipedia.org/wiki/OutKast
870,Stutter,Joe featuring Mystikal,2001-02-24,2001,4,2001-03-17,N,https://en.wikipedia.org/wiki/Stutter_(Joe_song),https://en.wikipedia.org/wiki/Joe_(singer)
871,Butterfly,Crazy Town,2001-03-24,2001,2,2001-04-07,Y,https://en.wikipedia.org/wiki/Butterfly_(Crazy_Town_song),https://en.wikipedia.org/wiki/Crazy_Town
872,Angel,Shaggy featuring Rayvon,2001-03-31,2001,1,2001-03-31,N,https://en.wikipedia.org/wiki/Angel_(Shaggy_song),https://en.wikipedia.org/wiki/Rayvon
873,All for You,Janet,2001-04-14,2001,7,2001-05-26,N,https://en.wikipedia.org/wiki/All_for_You_(Janet_Jackson_song),https://en.wikipedia.org/wiki/Janet_Jackson
874,Lady Marmalade,"Christina Aguilera, Lil' Kim, Mýa and Pink",2001-06-02,2001,5,2001-06-30,N,https://en.wikipedia.org/wiki/Lady_Marmalade,https://en.wikipedia.org/wiki/Christina_Aguilera
875,U Remind Me,Usher,2001-07-07,2001,4,2001-07-28,N,https://en.wikipedia.org/wiki/U_Remind_Me,https://en.wikipedia.org/wiki/Usher_(entertainer)
876,Bootylicious,Destiny's Child,2001-08-04,2001,2,2001-08-11,N,https://en.wikipedia.org/wiki/Bootylicious,NA
877,Fallin',Alicia Keys,2001-08-18,2001,6,2001-10-13,Y,https://en.wikipedia.org/wiki/Fallin'_(Alicia_Keys_song),https://en.wikipedia.org/wiki/Alicia_Keys
878,I'm Real (Murder Remix),Jennifer Lopez featuring Ja Rule,2001-09-08,2001,5,2001-10-27,Y,https://en.wikipedia.org/wiki/I'm_Real_(Jennifer_Lopez_song),https://en.wikipedia.org/wiki/Jennifer_Lopez
879,Family Affair,Mary J. Blige,2001-11-03,2001,6,2001-12-08,N,https://en.wikipedia.org/wiki/Family_Affair_(Mary_J._Blige_song),https://en.wikipedia.org/wiki/Mary_J._Blige
880,U Got It Bad,Usher,2001-12-15,2001,6,2002-02-16,Y,https://en.wikipedia.org/wiki/U_Got_It_Bad,NA
881,How You Remind Me,Nickelback,2001-12-22,2001,4,2002-01-12,N,https://en.wikipedia.org/wiki/How_You_Remind_Me,https://en.wikipedia.org/wiki/Nickelback
882,Always on Time,Ja Rule featuring Ashanti,2002-02-23,2002,2,2002-03-02,N,https://en.wikipedia.org/wiki/Always_on_Time,https://en.wikipedia.org/wiki/Ja_Rule
883,Ain't It Funny (Murder Remix),Jennifer Lopez featuring Ja Rule,2002-03-09,2002,6,2002-04-13,N,https://en.wikipedia.org/wiki/Ain't_It_Funny_(Murder_Remix),https://en.wikipedia.org/wiki/Jennifer_Lopez
884,Foolish,Ashanti,2002-04-20,2002,10,2002-06-22,N,https://en.wikipedia.org/wiki/Foolish_(Ashanti_song),NA
885,Hot in Herre,Nelly,2002-06-29,2002,7,2002-08-10,N,https://en.wikipedia.org/wiki/Hot_in_Herre,https://en.wikipedia.org/wiki/Nelly
886,Dilemma,Nelly featuring Kelly Rowland,2002-08-17,2002,10,2002-11-02,Y,https://en.wikipedia.org/wiki/Dilemma_(Nelly_song),https://en.wikipedia.org/wiki/Kelly_Rowland
887,A Moment Like This,Kelly Clarkson,2002-10-05,2002,2,2002-10-12,N,https://en.wikipedia.org/wiki/A_Moment_Like_This,https://en.wikipedia.org/wiki/Kelly_Clarkson
888,Lose Yourself,Eminem,2002-11-09,2002,12,2003-01-25,N,https://en.wikipedia.org/wiki/Lose_Yourself,https://en.wikipedia.org/wiki/Eminem
889,"Bump, Bump, Bump",B2K featuring P. Diddy,2003-02-01,2003,1,2003-02-01,N,"https://en.wikipedia.org/wiki/Bump,_Bump,_Bump",https://en.wikipedia.org/wiki/B2K
890,All I Have,Jennifer Lopez featuring LL Cool J,2003-02-08,2003,4,2003-03-01,N,https://en.wikipedia.org/wiki/All_I_Have_(song),https://en.wikipedia.org/wiki/Jennifer_Lopez
891,In da Club,50 Cent,2003-03-08,2003,9,2003-05-03,N,https://en.wikipedia.org/wiki/In_da_Club,https://en.wikipedia.org/wiki/50_Cent
892,Get Busy,Sean Paul,2003-05-10,2003,3,2003-05-24,N,https://en.wikipedia.org/wiki/Get_Busy,https://en.wikipedia.org/wiki/Sean_Paul
893,21 Questions,50 Cent featuring Nate Dogg,2003-05-31,2003,4,2003-06-21,N,https://en.wikipedia.org/wiki/21_Questions,https://en.wikipedia.org/wiki/Nate_Dogg
894,This Is the Night,Clay Aiken,2003-06-28,2003,2,2003-07-05,N,https://en.wikipedia.org/wiki/This_Is_the_Night_(Clay_Aiken_song),https://en.wikipedia.org/wiki/Clay_Aiken
895,Crazy in Love,Beyoncé featuring Jay-Z,2003-07-12,2003,8,2003-08-30,N,https://en.wikipedia.org/wiki/Crazy_in_Love,https://en.wikipedia.org/wiki/Beyoncé
896,Shake Ya Tailfeather,"Nelly, P. Diddy and Murphy Lee",2003-09-06,2003,4,2003-09-27,N,https://en.wikipedia.org/wiki/Shake_Ya_Tailfeather,https://en.wikipedia.org/wiki/Nelly
897,Baby Boy,Beyoncé featuring Sean Paul,2003-10-04,2003,9,2003-11-29,N,https://en.wikipedia.org/wiki/Baby_Boy_(Beyoncé_Knowles_song),NA
898,Stand Up,Ludacris featuring Shawnna,2003-12-06,2003,1,2003-12-06,N,https://en.wikipedia.org/wiki/Stand_Up_(Ludacris_song),https://en.wikipedia.org/wiki/Ludacris
899,Hey Ya!,OutKast,2003-12-13,2003,9,2004-02-07,N,https://en.wikipedia.org/wiki/Hey_Ya!,https://en.wikipedia.org/wiki/OutKast
900,The Way You Move,OutKast featuring Sleepy Brown,2004-02-14,2004,1,2004-02-14,N,https://en.wikipedia.org/wiki/The_Way_You_Move,https://en.wikipedia.org/wiki/Sleepy_Brown
901,Slow Jamz,Twista featuring Kanye West and Jamie Foxx,2004-02-21,2004,1,2004-02-21,N,https://en.wikipedia.org/wiki/Slow_Jamz,https://en.wikipedia.org/wiki/Twista
902,Yeah!,Usher featuring Lil Jon and Ludacris,2004-02-28,2004,12,2004-05-15,N,https://en.wikipedia.org/wiki/Yeah!_(Usher_song),https://en.wikipedia.org/wiki/Usher_(entertainer)
903,Burn,Usher,2004-05-22,2004,8,2004-07-17,Y,https://en.wikipedia.org/wiki/Burn_(Usher_song),NA
904,I Believe,Fantasia,2004-07-10,2004,1,2004-07-10,N,https://en.wikipedia.org/wiki/I_Believe_(Fantasia_song),https://en.wikipedia.org/wiki/Fantasia_Barrino
905,Confessions Part II,Usher,2004-07-24,2004,2,2004-07-31,N,https://en.wikipedia.org/wiki/Confessions_Part_II,NA
906,Slow Motion,Juvenile featuring Soulja Slim,2004-08-07,2004,2,2004-08-14,N,https://en.wikipedia.org/wiki/Slow_Motion_(Juvenile_song),https://en.wikipedia.org/wiki/Juvenile_(rapper)
907,Lean Back,Terror Squad,2004-08-21,2004,3,2004-09-04,N,https://en.wikipedia.org/wiki/Lean_Back,https://en.wikipedia.org/wiki/Terror_Squad_(group)
908,Goodies,Ciara featuring Petey Pablo,2004-09-11,2004,7,2004-10-23,N,https://en.wikipedia.org/wiki/Goodies_(song),https://en.wikipedia.org/wiki/Ciara
909,My Boo,Usher and Alicia Keys,2004-10-30,2004,6,2004-12-04,N,https://en.wikipedia.org/wiki/My_Boo_(Usher_and_Alicia_Keys_song),https://en.wikipedia.org/wiki/Alicia_Keys
910,Drop It Like It's Hot,Snoop Dogg featuring Pharrell,2004-12-11,2004,3,2004-12-25,N,https://en.wikipedia.org/wiki/Drop_It_Like_It's_Hot,https://en.wikipedia.org/wiki/Snoop_Dogg
911,Let Me Love You,Mario,2005-01-01,2005,9,2005-02-26,N,https://en.wikipedia.org/wiki/Let_Me_Love_You_(Mario_song),https://en.wikipedia.org/wiki/Mario_(entertainer)
912,Candy Shop,50 Cent featuring Olivia,2005-03-05,2005,9,2005-04-30,N,https://en.wikipedia.org/wiki/Candy_Shop,https://en.wikipedia.org/wiki/50_Cent
913,Hollaback Girl,Gwen Stefani,2005-05-07,2005,4,2005-05-28,N,https://en.wikipedia.org/wiki/Hollaback_Girl,https://en.wikipedia.org/wiki/Gwen_Stefani
914,We Belong Together,Mariah Carey,2005-06-04,2005,14,2005-09-10,Y,https://en.wikipedia.org/wiki/We_Belong_Together,https://en.wikipedia.org/wiki/Mariah_Carey
915,Inside Your Heaven,Carrie Underwood,2005-07-02,2005,1,2005-07-02,N,https://en.wikipedia.org/wiki/Inside_Your_Heaven,https://en.wikipedia.org/wiki/Carrie_Underwood
916,Gold Digger,Kanye West featuring Jamie Foxx,2005-09-17,2005,10,2005-11-19,N,https://en.wikipedia.org/wiki/Gold_Digger_(Kanye_West_song),https://en.wikipedia.org/wiki/Kanye_West
917,Run It!,Chris Brown,2005-11-26,2005,5,2005-12-24,N,https://en.wikipedia.org/wiki/Run_It!,https://en.wikipedia.org/wiki/Chris_Brown_(American_singer)
918,Don't Forget About Us,Mariah Carey,2005-12-31,2005,2,2006-01-07,N,https://en.wikipedia.org/wiki/Don't_Forget_About_Us,NA
919,Laffy Taffy,D4L,2006-01-14,2006,1,2006-01-14,N,https://en.wikipedia.org/wiki/Laffy_Taffy_(song),https://en.wikipedia.org/wiki/D4L
920,Grillz,"Nelly featuring Paul Wall, Ali & Gipp",2006-01-21,2006,2,2006-01-28,N,https://en.wikipedia.org/wiki/Grillz_(song),https://en.wikipedia.org/wiki/Nelly
921,Check on It,Beyoncé featuring Slim Thug,2006-02-04,2006,5,2006-03-04,N,https://en.wikipedia.org/wiki/Check_on_It,https://en.wikipedia.org/wiki/Beyoncé
922,You're Beautiful,James Blunt,2006-03-11,2006,1,2006-03-11,N,https://en.wikipedia.org/wiki/You're_Beautiful,https://en.wikipedia.org/wiki/James_Blunt
923,So Sick,Ne-Yo,2006-03-18,2006,2,2006-03-25,N,https://en.wikipedia.org/wiki/So_Sick,https://en.wikipedia.org/wiki/Ne-Yo
924,Temperature,Sean Paul,2006-04-01,2006,1,2006-04-01,N,https://en.wikipedia.org/wiki/Temperature_(Sean_Paul_song),https://en.wikipedia.org/wiki/Sean_Paul
925,Bad Day,Daniel Powter,2006-04-08,2006,5,2006-05-06,N,https://en.wikipedia.org/wiki/Bad_Day_(Daniel_Powter_song),https://en.wikipedia.org/wiki/Daniel_Powter
926,SOS,Rihanna,2006-05-13,2006,3,2006-05-27,N,https://en.wikipedia.org/wiki/SOS_(Rihanna_song),https://en.wikipedia.org/wiki/Rihanna
927,Ridin',Chamillionaire featuring Krayzie Bone,2006-06-03,2006,2,2006-06-10,N,https://en.wikipedia.org/wiki/Ridin'_(Chamillionaire_song),https://en.wikipedia.org/wiki/Chamillionaire
928,Hips Don't Lie,Shakira featuring Wyclef Jean,2006-06-17,2006,2,2006-06-24,N,https://en.wikipedia.org/wiki/Hips_Don't_Lie,https://en.wikipedia.org/wiki/Shakira
929,Do I Make You Proud,Taylor Hicks,2006-07-01,2006,1,2006-07-01,N,https://en.wikipedia.org/wiki/Do_I_Make_You_Proud,https://en.wikipedia.org/wiki/Taylor_Hicks
930,Promiscuous,Nelly Furtado featuring Timbaland,2006-07-08,2006,6,2006-08-12,N,https://en.wikipedia.org/wiki/Promiscuous_(song),https://en.wikipedia.org/wiki/Nelly_Furtado
931,London Bridge,Fergie,2006-08-19,2006,3,2006-09-02,N,https://en.wikipedia.org/wiki/London_Bridge_(Fergie_song),https://en.wikipedia.org/wiki/Fergie_(singer)
932,SexyBack,Justin Timberlake,2006-09-09,2006,7,2006-10-21,N,https://en.wikipedia.org/wiki/SexyBack,https://en.wikipedia.org/wiki/Justin_Timberlake
933,Money Maker,Ludacris featuring Pharrell,2006-10-28,2006,2,2006-11-04,N,https://en.wikipedia.org/wiki/Money_Maker,https://en.wikipedia.org/wiki/Ludacris
934,My Love,Justin Timberlake featuring T.I.,2006-11-11,2006,3,2006-11-25,N,https://en.wikipedia.org/wiki/My_Love_(Justin_Timberlake_song),https://en.wikipedia.org/wiki/T.I.
935,I Wanna Love You,Akon featuring Snoop Dogg,2006-12-02,2006,2,2006-12-09,N,https://en.wikipedia.org/wiki/I_Wanna_Fuck_You,https://en.wikipedia.org/wiki/Akon
936,Irreplaceable,Beyoncé,2006-12-16,2006,10,2007-02-17,N,https://en.wikipedia.org/wiki/Irreplaceable,NA
937,Say It Right,Nelly Furtado,2007-02-24,2007,1,2007-02-24,N,https://en.wikipedia.org/wiki/Say_It_Right,https://en.wikipedia.org/wiki/Nelly_Furtado
938,What Goes Around...Comes Around,Justin Timberlake,2007-03-03,2007,1,2007-03-03,N,https://en.wikipedia.org/wiki/What_Goes_Around.../...Comes_Around,https://en.wikipedia.org/wiki/Justin_Timberlake
939,This Is Why I'm Hot,Mims,2007-03-10,2007,2,2007-03-17,N,https://en.wikipedia.org/wiki/This_Is_Why_I'm_Hot,https://en.wikipedia.org/wiki/Mims_(rapper)
940,Glamorous,Fergie featuring Ludacris,2007-03-24,2007,2,2007-03-31,N,https://en.wikipedia.org/wiki/Glamorous_(Fergie_song),https://en.wikipedia.org/wiki/Fergie_(singer)
941,Don't Matter,Akon,2007-04-07,2007,2,2007-04-14,N,https://en.wikipedia.org/wiki/Don't_Matter,https://en.wikipedia.org/wiki/Akon
942,Give It to Me,Timbaland featuringNelly Furtado and Justin Timberlake,2007-04-21,2007,2,2007-04-28,N,https://en.wikipedia.org/wiki/Give_It_to_Me_(Timbaland_song),https://en.wikipedia.org/wiki/Timbaland
943,Girlfriend,Avril Lavigne,2007-05-05,2007,1,2007-05-05,N,https://en.wikipedia.org/wiki/Girlfriend_(Avril_Lavigne_song),https://en.wikipedia.org/wiki/Avril_Lavigne
944,Makes Me Wonder,Maroon 5,2007-05-12,2007,3,2007-06-02,Y,https://en.wikipedia.org/wiki/Makes_Me_Wonder,https://en.wikipedia.org/wiki/Maroon_5
945,Buy U a Drank (Shawty Snappin'),T-Pain featuring Yung Joc,2007-05-26,2007,1,2007-05-26,N,https://en.wikipedia.org/wiki/Buy_U_a_Drank_(Shawty_Snappin'),https://en.wikipedia.org/wiki/T-Pain
946,Umbrella,Rihanna featuring Jay-Z,2007-06-09,2007,7,2007-07-21,N,https://en.wikipedia.org/wiki/Umbrella_(song),https://en.wikipedia.org/wiki/Rihanna
947,Hey There Delilah,Plain White T's,2007-07-28,2007,2,2007-08-04,N,https://en.wikipedia.org/wiki/Hey_There_Delilah,https://en.wikipedia.org/wiki/Plain_White_T's
948,Beautiful Girls,Sean Kingston,2007-08-11,2007,4,2007-09-01,N,https://en.wikipedia.org/wiki/Beautiful_Girls_(Sean_Kingston_song),https://en.wikipedia.org/wiki/Sean_Kingston
949,Big Girls Don't Cry,Fergie,2007-09-08,2007,1,2007-09-08,N,https://en.wikipedia.org/wiki/Big_Girls_Don't_Cry_(Fergie_song),NA
950,Crank That (Soulja Boy),Soulja Boy Tell 'Em,2007-09-15,2007,7,2007-11-03,Y,https://en.wikipedia.org/wiki/Crank_That_(Soulja_Boy),https://en.wikipedia.org/wiki/Soulja_Boy_Tell_'Em
951,Stronger,Kanye West,2007-09-29,2007,1,2007-09-29,N,https://en.wikipedia.org/wiki/Stronger_(Kanye_West_song),https://en.wikipedia.org/wiki/Kanye_West
952,Kiss Kiss,Chris Brown featuring T-Pain,2007-11-10,2007,3,2007-11-24,N,https://en.wikipedia.org/wiki/Kiss_Kiss_(Chris_Brown_song),https://en.wikipedia.org/wiki/Chris_Brown_(American_singer)
953,No One,Alicia Keys,2007-12-01,2007,5,2007-12-29,N,https://en.wikipedia.org/wiki/No_One_(Alicia_Keys_song),https://en.wikipedia.org/wiki/Alicia_Keys
954,Low,Flo Rida featuring T-Pain,2008-01-05,2008,10,2008-03-08,N,https://en.wikipedia.org/wiki/Low_(Flo_Rida_song),https://en.wikipedia.org/wiki/Flo_Rida
955,Love in This Club,Usher featuring Young Jeezy,2008-03-15,2008,3,2008-03-29,N,https://en.wikipedia.org/wiki/Love_in_This_Club,https://en.wikipedia.org/wiki/Usher_(musician)
956,Bleeding Love,Leona Lewis,2008-04-05,2008,4,2008-05-17,Y,https://en.wikipedia.org/wiki/Bleeding_Love,https://en.wikipedia.org/wiki/Leona_Lewis
957,Touch My Body,Mariah Carey,2008-04-12,2008,2,2008-04-19,N,https://en.wikipedia.org/wiki/Touch_My_Body,https://en.wikipedia.org/wiki/Mariah_Carey
958,Lollipop,Lil Wayne featuring Static Major,2008-05-03,2008,5,2008-06-21,Y,https://en.wikipedia.org/wiki/Lollipop_(Lil_Wayne_song),https://en.wikipedia.org/wiki/Lil_Wayne
959,Take a Bow,Rihanna,2008-05-24,2008,1,2008-05-24,N,https://en.wikipedia.org/wiki/Take_a_Bow_(Rihanna_song),https://en.wikipedia.org/wiki/Rihanna
960,Viva la Vida,Coldplay,2008-06-28,2008,1,2008-06-28,N,https://en.wikipedia.org/wiki/Viva_la_Vida,https://en.wikipedia.org/wiki/Coldplay
961,I Kissed a Girl,Katy Perry,2008-07-05,2008,7,2008-08-16,N,https://en.wikipedia.org/wiki/I_Kissed_a_Girl,https://en.wikipedia.org/wiki/Katy_Perry
962,Disturbia,Rihanna,2008-08-23,2008,2,2008-08-30,N,https://en.wikipedia.org/wiki/Disturbia_(song),NA
963,Whatever You Like,T.I.,2008-09-06,2008,7,2008-11-08,Y,https://en.wikipedia.org/wiki/Whatever_You_Like,https://en.wikipedia.org/wiki/T.I.
964,So What,Pink,2008-09-27,2008,1,2008-09-27,N,https://en.wikipedia.org/wiki/So_What_(Pink_song),https://en.wikipedia.org/wiki/Pink_(singer)
965,Live Your Life,T.I. featuring Rihanna,2008-10-18,2008,6,2008-12-20,Y,https://en.wikipedia.org/wiki/Live_Your_Life_(T.I._song),NA
966,Womanizer,Britney Spears,2008-10-25,2008,1,2008-10-25,N,https://en.wikipedia.org/wiki/Womanizer_(song),https://en.wikipedia.org/wiki/Britney_Spears
967,Single Ladies (Put a Ring on It),Beyoncé,2008-12-13,2008,4,2009-01-10,Y,https://en.wikipedia.org/wiki/Single_Ladies_(Put_a_Ring_on_It),https://en.wikipedia.org/wiki/Beyoncé
968,Just Dance,Lady Gaga featuring Colby O'Donis,2009-01-17,2009,3,2009-01-31,N,https://en.wikipedia.org/wiki/Just_Dance_(song),https://en.wikipedia.org/wiki/Lady_Gaga
969,My Life Would Suck Without You,Kelly Clarkson,2009-02-07,2009,2,2009-02-14,N,https://en.wikipedia.org/wiki/My_Life_Would_Suck_Without_You,https://en.wikipedia.org/wiki/Kelly_Clarkson
970,Crack a Bottle,"Eminem, Dr. Dre and 50 Cent",2009-02-21,2009,1,2009-02-21,N,https://en.wikipedia.org/wiki/Crack_a_Bottle,https://en.wikipedia.org/wiki/Eminem
971,Right Round,Flo Rida,2009-02-28,2009,6,2009-04-04,N,https://en.wikipedia.org/wiki/Right_Round,https://en.wikipedia.org/wiki/Flo_Rida
972,Poker Face,Lady Gaga,2009-04-11,2009,1,2009-04-11,N,https://en.wikipedia.org/wiki/Poker_Face_(song),NA
973,Boom Boom Pow,The Black Eyed Peas,2009-04-18,2009,12,2009-07-04,N,https://en.wikipedia.org/wiki/Boom_Boom_Pow,https://en.wikipedia.org/wiki/The_Black_Eyed_Peas
974,I Gotta Feeling,The Black Eyed Peas,2009-07-11,2009,14,2009-10-10,N,https://en.wikipedia.org/wiki/I_Gotta_Feeling,https://en.wikipedia.org/wiki/The_Black_Eyed_Peas
975,Down,Jay Sean featuring Lil Wayne,2009-10-17,2009,2,2009-10-31,Y,https://en.wikipedia.org/wiki/Down_(Jay_Sean_song),https://en.wikipedia.org/wiki/Jay_Sean
976,3,Britney Spears,2009-10-24,2009,1,2009-10-24,N,https://en.wikipedia.org/wiki/3_(Britney_Spears_song),https://en.wikipedia.org/wiki/Britney_Spears
977,Fireflies,Owl City,2009-11-07,2009,2,2009-11-21,Y,https://en.wikipedia.org/wiki/Fireflies_(Owl_City_song),https://en.wikipedia.org/wiki/Owl_City
978,Whatcha Say,Jason Derulo,2009-11-14,2009,1,2009-11-14,N,https://en.wikipedia.org/wiki/Whatcha_Say,https://en.wikipedia.org/wiki/Jason_Derulo
979,Empire State of Mind,Jay-Z and Alicia Keys,2009-11-28,2009,5,2009-12-26,N,https://en.wikipedia.org/wiki/Empire_State_of_Mind,https://en.wikipedia.org/wiki/Jay-Z
980,Tik Tok,Kesha,2010-01-02,2010,9,2010-02-27,N,https://en.wikipedia.org/wiki/Tik_Tok_(song),https://en.wikipedia.org/wiki/Kesha
981,Imma Be,The Black Eyed Peas,2010-03-06,2010,2,2010-03-13,N,https://en.wikipedia.org/wiki/Imma_Be,https://en.wikipedia.org/wiki/The_Black_Eyed_Peas
982,Break Your Heart,Taio Cruz featuring Ludacris,2010-03-20,2010,1,2010-03-20,N,https://en.wikipedia.org/wiki/Break_Your_Heart_(Taio_Cruz_song),https://en.wikipedia.org/wiki/Taio_Cruz
983,Rude Boy,Rihanna,2010-03-27,2010,5,2010-04-24,N,https://en.wikipedia.org/wiki/Rude_Boy_(Rihanna_song),https://en.wikipedia.org/wiki/Rihanna
984,Nothin' on You,B.o.B featuring Bruno Mars,2010-05-01,2010,2,2010-05-08,N,https://en.wikipedia.org/wiki/Nothin'_on_You,https://en.wikipedia.org/wiki/B.o.B
985,OMG,Usher featuring will.i.am,2010-05-15,2010,4,2010-06-12,Y,https://en.wikipedia.org/wiki/OMG_(Usher_song),https://en.wikipedia.org/wiki/Usher_(entertainer)
986,Not Afraid,Eminem,2010-05-22,2010,1,2010-05-22,N,https://en.wikipedia.org/wiki/Not_Afraid,https://en.wikipedia.org/wiki/Eminem
987,California Gurls,Katy Perry featuring Snoop Dogg,2010-06-19,2010,6,2010-07-24,N,https://en.wikipedia.org/wiki/California_Gurls,https://en.wikipedia.org/wiki/Katy_Perry
988,Love the Way You Lie,Eminem featuring Rihanna,2010-07-31,2010,7,2010-09-11,N,https://en.wikipedia.org/wiki/Love_the_Way_You_Lie,NA
989,Teenage Dream,Katy Perry,2010-09-18,2010,2,2010-09-25,N,https://en.wikipedia.org/wiki/Teenage_Dream_(Katy_Perry_song),NA
990,Just the Way You Are,Bruno Mars,2010-10-02,2010,4,2010-10-23,N,https://en.wikipedia.org/wiki/Just_the_Way_You_Are_(Bruno_Mars_song),NA
991,Like a G6,Far East Movement featuring The Cataracs and Dev,2010-10-30,2010,3,2010-11-27,Y,https://en.wikipedia.org/wiki/Like_a_G6,https://en.wikipedia.org/wiki/Far_East_Movement
992,We R Who We R,Kesha,2010-11-13,2010,1,2010-11-13,N,https://en.wikipedia.org/wiki/We_R_Who_We_R,NA
993,What's My Name?,Rihanna featuring Drake,2010-11-20,2010,1,2010-11-20,N,https://en.wikipedia.org/wiki/What's_My_Name%3F_(Rihanna_song),https://en.wikipedia.org/wiki/Drake_(entertainer)
994,Only Girl (In the World),Rihanna,2010-12-04,2010,1,2010-12-04,N,https://en.wikipedia.org/wiki/Only_Girl_(In_the_World),NA
995,Raise Your Glass,Pink,2010-12-11,2010,1,2010-12-11,N,https://en.wikipedia.org/wiki/Raise_Your_Glass,https://en.wikipedia.org/wiki/Pink_(singer)
996,Firework,Katy Perry,2010-12-18,2010,4,2011-01-15,Y,https://en.wikipedia.org/wiki/Firework_(song),NA
997,Grenade,Bruno Mars,2011-01-08,2011,4,2011-02-12,Y,https://en.wikipedia.org/wiki/Grenade_(song),https://en.wikipedia.org/wiki/Bruno_Mars
998,Hold It Against Me,Britney Spears,2011-01-29,2011,1,2011-01-29,N,https://en.wikipedia.org/wiki/Hold_It_Against_Me,https://en.wikipedia.org/wiki/Britney_Spears
999,Black and Yellow,Wiz Khalifa,2011-02-19,2011,1,2011-02-19,N,https://en.wikipedia.org/wiki/Black_and_Yellow,https://en.wikipedia.org/wiki/Wiz_Khalifa
1000,Born This Way,Lady Gaga,2011-02-26,2011,6,2011-04-02,N,https://en.wikipedia.org/wiki/Born_This_Way_(song),https://en.wikipedia.org/wiki/Lady_Gaga
1001,E.T.,Katy Perry featuring Kanye West,2011-04-09,2011,5,2011-05-14,Y,https://en.wikipedia.org/wiki/E.T._(song),https://en.wikipedia.org/wiki/Kanye_West
1002,S&M,Rihanna featuring Britney Spears,2011-04-30,2011,1,2011-04-30,N,https://en.wikipedia.org/wiki/S&M_(song),https://en.wikipedia.org/wiki/Rihanna
1003,Rolling in the Deep,Adele,2011-05-21,2011,7,2011-07-02,N,https://en.wikipedia.org/wiki/Rolling_in_the_Deep,https://en.wikipedia.org/wiki/Adele
1004,Give Me Everything,"Pitbull featuring Ne-Yo, Afrojack and Nayer",2011-07-09,2011,1,2011-07-09,N,https://en.wikipedia.org/wiki/Give_Me_Everything,https://en.wikipedia.org/wiki/Pitbull_(rapper)
1005,Party Rock Anthem,LMFAO featuring Lauren Bennett and GoonRock,2011-07-16,2011,6,2011-08-20,N,https://en.wikipedia.org/wiki/Party_Rock_Anthem,https://en.wikipedia.org/wiki/LMFAO_(group)
1006,Last Friday Night (T.G.I.F.),Katy Perry,2011-08-27,2011,2,2011-09-03,N,https://en.wikipedia.org/wiki/Last_Friday_Night_(T.G.I.F.),NA
1007,Moves Like Jagger,Maroon 5 featuring Christina Aguilera,2011-09-10,2011,4,2011-10-08,Y,https://en.wikipedia.org/wiki/Moves_Like_Jagger,https://en.wikipedia.org/wiki/Maroon_5
1008,Someone Like You,Adele,2011-09-17,2011,5,2011-11-05,Y,https://en.wikipedia.org/wiki/Someone_Like_You_(Adele_song),NA
1009,We Found Love,Rihanna featuring Calvin Harris,2011-11-12,2011,10,2012-01-28,Y,https://en.wikipedia.org/wiki/We_Found_Love,https://en.wikipedia.org/wiki/Calvin_Harris
1010,Sexy and I Know It,LMFAO,2012-01-07,2012,2,2012-01-14,N,https://en.wikipedia.org/wiki/Sexy_and_I_Know_It,https://en.wikipedia.org/wiki/LMFAO_(group)
1011,Set Fire to the Rain,Adele,2012-02-04,2012,2,2012-02-11,N,https://en.wikipedia.org/wiki/Set_Fire_to_the_Rain,https://en.wikipedia.org/wiki/Adele
1012,Stronger (What Doesn't Kill You),Kelly Clarkson,2012-02-18,2012,3,2012-03-10,Y,https://en.wikipedia.org/wiki/Stronger_(What_Doesn't_Kill_You),https://en.wikipedia.org/wiki/Kelly_Clarkson
1013,Part of Me,Katy Perry,2012-03-03,2012,1,2012-03-03,N,https://en.wikipedia.org/wiki/Part_of_Me_(Katy_Perry_song),https://en.wikipedia.org/wiki/Katy_Perry
1014,We Are Young,Fun featuring Janelle Monáe,2012-03-17,2012,6,2012-04-21,N,https://en.wikipedia.org/wiki/We_Are_Young,https://en.wikipedia.org/wiki/Fun_(band)
1015,Somebody That I Used to Know,Gotye featuring Kimbra,2012-04-28,2012,8,2012-06-16,N,https://en.wikipedia.org/wiki/Somebody_That_I_Used_to_Know,https://en.wikipedia.org/wiki/Gotye
1016,Call Me Maybe,Carly Rae Jepsen,2012-06-23,2012,9,2012-08-18,N,https://en.wikipedia.org/wiki/Call_Me_Maybe,https://en.wikipedia.org/wiki/Carly_Rae_Jepsen
1017,Whistle,Flo Rida,2012-08-25,2012,2,2012-09-15,Y,https://en.wikipedia.org/wiki/Whistle_(Flo_Rida_song),https://en.wikipedia.org/wiki/Flo_Rida
1018,We Are Never Ever Getting Back Together,Taylor Swift,2012-09-01,2012,3,2012-09-22,Y,https://en.wikipedia.org/wiki/We_Are_Never_Ever_Getting_Back_Together,https://en.wikipedia.org/wiki/Taylor_Swift
1019,One More Night,Maroon 5,2012-09-29,2012,9,2012-11-24,N,https://en.wikipedia.org/wiki/One_More_Night_(Maroon_5_song),https://en.wikipedia.org/wiki/Maroon_5
1020,Diamonds,Rihanna,2012-12-01,2012,3,2012-12-15,N,https://en.wikipedia.org/wiki/Diamonds_(Rihanna_song),NA
1021,Locked Out of Heaven,Bruno Mars,2012-12-22,2012,6,2013-01-26,N,https://en.wikipedia.org/wiki/Locked_Out_of_Heaven,https://en.wikipedia.org/wiki/Bruno_Mars
1022,Thrift Shop,Macklemore & Ryan Lewis featuring Wanz,2013-02-02,2013,6,2013-04-13,Y,https://en.wikipedia.org/wiki/Thrift_Shop,https://en.wikipedia.org/wiki/Macklemore_&_Ryan_Lewis
1023,Harlem Shake,Baauer,2013-03-02,2013,5,2013-03-30,N,https://en.wikipedia.org/wiki/Harlem_Shake_(song),https://en.wikipedia.org/wiki/Baauer
1024,When I Was Your Man,Bruno Mars,2013-04-20,2013,1,2013-04-20,N,https://en.wikipedia.org/wiki/When_I_Was_Your_Man,NA
1025,Just Give Me a Reason,Pink featuring Nate Ruess,2013-04-27,2013,3,2013-05-11,N,https://en.wikipedia.org/wiki/Just_Give_Me_a_Reason,https://en.wikipedia.org/wiki/Pink_(singer)
1026,Can't Hold Us,Macklemore & Ryan Lewis featuring Ray Dalton,2013-05-18,2013,5,2013-06-15,N,https://en.wikipedia.org/wiki/Can't_Hold_Us,https://en.wikipedia.org/wiki/Ray_Dalton
1027,Blurred Lines,Robin Thicke featuring T.I. and Pharrell,2013-06-22,2013,12,2013-09-07,N,https://en.wikipedia.org/wiki/Blurred_Lines,https://en.wikipedia.org/wiki/Robin_Thicke
1028,Roar,Katy Perry,2013-09-14,2013,2,2013-09-21,N,https://en.wikipedia.org/wiki/Roar_(song),https://en.wikipedia.org/wiki/Katy_Perry
1029,Wrecking Ball,Miley Cyrus,2013-09-28,2013,3,2013-12-14,Y,https://en.wikipedia.org/wiki/Wrecking_Ball_(Miley_Cyrus_song),https://en.wikipedia.org/wiki/Miley_Cyrus
1030,Royals,Lorde,2013-10-12,2013,9,2013-12-07,N,https://en.wikipedia.org/wiki/Royals_(Lorde_song),https://en.wikipedia.org/wiki/Lorde
1031,The Monster,Eminem featuring Rihanna,2013-12-21,2013,4,2014-01-11,N,https://en.wikipedia.org/wiki/The_Monster_(song),https://en.wikipedia.org/wiki/Eminem
1032,Timber,Pitbull featuring Kesha,2014-01-18,2014,3,2014-02-01,N,https://en.wikipedia.org/wiki/Timber_(Pitbull_song),https://en.wikipedia.org/wiki/Pitbull_(rapper)
1033,Dark Horse,Katy Perry featuring Juicy J,2014-02-08,2014,4,2014-03-01,N,https://en.wikipedia.org/wiki/Dark_Horse_(Katy_Perry_song),https://en.wikipedia.org/wiki/Katy_Perry
1034,Happy,Pharrell Williams,2014-03-08,2014,10,2014-05-10,N,https://en.wikipedia.org/wiki/Happy_(Pharrell_Williams_song),https://en.wikipedia.org/wiki/Pharrell_Williams
1035,All of Me,John Legend,2014-05-17,2014,3,2014-05-31,N,https://en.wikipedia.org/wiki/All_of_Me_(John_Legend_song),https://en.wikipedia.org/wiki/John_Legend
1036,Fancy,Iggy Azalea featuring Charli XCX,2014-06-07,2014,7,2014-07-19,N,https://en.wikipedia.org/wiki/Fancy_(Iggy_Azalea_song),https://en.wikipedia.org/wiki/Iggy_Azalea
1037,Rude,Magic!,2014-07-26,2014,6,2014-08-30,N,https://en.wikipedia.org/wiki/Rude_(song),https://en.wikipedia.org/wiki/Magic!
1038,Shake It Off,Taylor Swift,2014-09-06,2014,4,2014-11-22,Y,https://en.wikipedia.org/wiki/Shake_It_Off,https://en.wikipedia.org/wiki/Taylor_Swift
1039,All About That Bass,Meghan Trainor,2014-09-20,2014,8,2014-11-08,N,https://en.wikipedia.org/wiki/All_About_That_Bass,https://en.wikipedia.org/wiki/Meghan_Trainor
1040,Blank Space,Taylor Swift,2014-11-29,2014,7,2015-01-10,N,https://en.wikipedia.org/wiki/Blank_Space,NA
1041,Uptown Funk,Mark Ronson featuring Bruno Mars,2015-01-17,2015,14,2015-04-18,N,https://en.wikipedia.org/wiki/Uptown_Funk,https://en.wikipedia.org/wiki/Mark_Ronson
1042,See You Again,Wiz Khalifa featuring Charlie Puth,2015-04-25,2015,12,2015-07-18,Y,https://en.wikipedia.org/wiki/See_You_Again,https://en.wikipedia.org/wiki/Wiz_Khalifa
1043,Bad Blood,Taylor Swift featuring Kendrick Lamar,2015-06-06,2015,1,2015-06-06,N,https://en.wikipedia.org/wiki/Bad_Blood_(Taylor_Swift_song),https://en.wikipedia.org/wiki/Kendrick_Lamar
1044,Cheerleader,Omi,2015-07-25,2015,6,2015-09-05,Y,https://en.wikipedia.org/wiki/Cheerleader_(Omi_song),https://en.wikipedia.org/wiki/Omi_(singer)
1045,Can't Feel My Face,The Weeknd,2015-08-22,2015,3,2015-09-26,Y,https://en.wikipedia.org/wiki/Can't_Feel_My_Face,https://en.wikipedia.org/wiki/The_Weeknd
1046,What Do You Mean?,Justin Bieber,2015-09-19,2015,1,2015-09-19,N,https://en.wikipedia.org/wiki/What_Do_You_Mean%3F,https://en.wikipedia.org/wiki/Justin_Bieber
1047,The Hills,The Weeknd,2015-10-03,2015,6,2015-11-07,N,https://en.wikipedia.org/wiki/The_Hills_(song),NA
1048,Hello,Adele,2015-11-14,2015,10,2016-01-16,N,https://en.wikipedia.org/wiki/Hello_(Adele_song),https://en.wikipedia.org/wiki/Adele
1049,Sorry,Justin Bieber,2016-01-23,2016,3,2016-02-06,N,https://en.wikipedia.org/wiki/Sorry_(Justin_Bieber_song),https://en.wikipedia.org/wiki/Justin_Bieber
1050,Love Yourself,Justin Bieber,2016-02-13,2016,2,2016-02-27,Y,https://en.wikipedia.org/wiki/Love_Yourself,https://en.wikipedia.org/wiki/Justin_Bieber
1051,Pillowtalk,Zayn,2016-02-20,2016,1,2016-02-20,N,https://en.wikipedia.org/wiki/Pillowtalk,https://en.wikipedia.org/wiki/Zayn_Malik
1052,Work,Rihanna featuring Drake,2016-03-05,2016,9,2016-04-30,N,https://en.wikipedia.org/wiki/Work_(Rihanna_song),https://en.wikipedia.org/wiki/Rihanna
1053,Panda,Desiigner,2016-05-07,2016,2,2016-05-14,N,https://en.wikipedia.org/wiki/Panda_(Desiigner_song),https://en.wikipedia.org/wiki/Desiigner
1054,One Dance,Drake featuring Wizkid and Kyla,2016-05-21,2016,10,2016-07-30,Y,https://en.wikipedia.org/wiki/One_Dance,https://en.wikipedia.org/wiki/Wizkid_(musician)
1055,Can't Stop the Feeling!,Justin Timberlake,2016-05-28,2016,1,2016-05-28,N,https://en.wikipedia.org/wiki/Can't_Stop_the_Feeling!,https://en.wikipedia.org/wiki/Justin_Timberlake
1056,Cheap Thrills,Sia featuring Sean Paul,2016-08-06,2016,4,2016-08-27,N,https://en.wikipedia.org/wiki/Cheap_Thrills_(song),https://en.wikipedia.org/wiki/Sia
1057,Closer,The Chainsmokers featuring Halsey,2016-09-03,2016,12,2016-11-19,N,https://en.wikipedia.org/wiki/Closer_(Chainsmokers_song),https://en.wikipedia.org/wiki/The_Chainsmokers
1058,Black Beatles,Rae Sremmurd featuring Gucci Mane,2016-11-26,2016,7,2017-01-14,Y,https://en.wikipedia.org/wiki/Black_Beatles,https://en.wikipedia.org/wiki/Rae_Sremmurd
1059,Starboy,The Weeknd featuring Daft Punk,2017-01-07,2017,1,2017-01-07,N,https://en.wikipedia.org/wiki/Starboy_(song),https://en.wikipedia.org/wiki/The_Weeknd
1060,Bad and Boujee,Migos featuring Lil Uzi Vert,2017-01-21,2017,3,2017-02-11,Y,https://en.wikipedia.org/wiki/Bad_and_Boujee,https://en.wikipedia.org/wiki/Migos
1061,Shape of You,Ed Sheeran,2017-01-28,2017,12,2017-04-29,Y,https://en.wikipedia.org/wiki/Shape_of_You,https://en.wikipedia.org/wiki/Ed_Sheeran
1062,Humble,Kendrick Lamar,2017-05-06,2017,1,2017-05-06,N,https://en.wikipedia.org/wiki/Humble_(song),https://en.wikipedia.org/wiki/Kendrick_Lamar
1063,That's What I Like,Bruno Mars,2017-05-13,2017,1,2017-05-13,N,https://en.wikipedia.org/wiki/That's_What_I_Like_(Bruno_Mars_song),https://en.wikipedia.org/wiki/Bruno_Mars
1064,I'm the One,"DJ Khaled featuring Justin Bieber, Quavo, Chance the Rapper and Lil Wayne",2017-05-20,2017,1,2017-05-20,N,https://en.wikipedia.org/wiki/I'm_the_One_(DJ_Khaled_song),https://en.wikipedia.org/wiki/DJ_Khaled
1065,Despacito,Luis Fonsi and Daddy Yankee featuring Justin Bieber,2017-05-27,2017,16,2017-09-09,N,https://en.wikipedia.org/wiki/Despacito,https://en.wikipedia.org/wiki/Luis_Fonsi
1066,Look What You Made Me Do,Taylor Swift,2017-09-16,2017,3,2017-09-30,N,https://en.wikipedia.org/wiki/Look_What_You_Made_Me_Do,https://en.wikipedia.org/wiki/Taylor_Swift
1067,Bodak Yellow,Cardi B,2017-10-07,2017,3,2017-10-21,N,https://en.wikipedia.org/wiki/Bodak_Yellow,https://en.wikipedia.org/wiki/Cardi_B
1068,Rockstar,Post Malone featuring 21 Savage,2017-10-28,2017,8,2017-12-16,N,https://en.wikipedia.org/wiki/Rockstar_(Post_Malone_song),https://en.wikipedia.org/wiki/Post_Malone
1069,Perfect,Ed Sheeran and Beyoncé,2017-12-23,2017,6,2018-01-20,N,https://en.wikipedia.org/wiki/Perfect_(Ed_Sheeran_song),https://en.wikipedia.org/wiki/Beyoncé
1070,Havana,Camila Cabello featuring Young Thug,2018-01-27,2018,1,2018-01-27,N,https://en.wikipedia.org/wiki/Havana_(Camila_Cabello_song),https://en.wikipedia.org/wiki/Camila_Cabello
1071,God's Plan,Drake,2018-02-03,2018,11,2018-04-14,N,https://en.wikipedia.org/wiki/God's_Plan_(song),https://en.wikipedia.org/wiki/Drake_(musician)
1072,Nice for What,Drake,2018-04-21,2018,8,2018-07-14,Y,https://en.wikipedia.org/wiki/Nice_for_What,https://en.wikipedia.org/wiki/Drake_(musician)
1073,This Is America,Childish Gambino,2018-05-19,2018,2,2018-05-26,N,https://en.wikipedia.org/wiki/This_Is_America_(song),https://en.wikipedia.org/wiki/Donald_Glover
1074,Psycho,Post Malone featuring Ty Dolla Sign,2018-06-16,2018,1,2018-06-16,N,https://en.wikipedia.org/wiki/Psycho_(Post_Malone_song),https://en.wikipedia.org/wiki/Post_Malone
1075,Sad!,XXXTentacion,2018-06-30,2018,1,2018-06-30,N,https://en.wikipedia.org/wiki/Sad!,https://en.wikipedia.org/wiki/XXXTentacion
1076,I Like It,"Cardi B, Bad Bunny and J Balvin",2018-07-07,2018,1,2018-07-07,N,"https://en.wikipedia.org/wiki/I_Like_It_(Cardi_B,_Bad_Bunny_and_J_Balvin_song)",https://en.wikipedia.org/wiki/Cardi_B
1077,In My Feelings,Drake,2018-07-21,2018,10,2018-09-22,N,https://en.wikipedia.org/wiki/In_My_Feelings,NA
1078,Girls Like You,Maroon 5 featuring Cardi B,2018-09-29,2018,7,2018-11-10,N,https://en.wikipedia.org/wiki/Girls_Like_You,https://en.wikipedia.org/wiki/Maroon_5
1079,"Thank U, Next",Ariana Grande,2018-11-17,2018,7,2019-01-05,Y,"https://en.wikipedia.org/wiki/Thank_U,_Next_(song)",https://en.wikipedia.org/wiki/Ariana_Grande
1080,Sicko Mode,Travis Scott,2018-12-08,2018,1,2018-12-08,N,https://en.wikipedia.org/wiki/Sicko_Mode,https://en.wikipedia.org/wiki/Travis_Scott
1081,Without Me,Halsey,2019-01-12,2019,2,2019-01-26,Y,https://en.wikipedia.org/wiki/Without_Me_(Halsey_song),https://en.wikipedia.org/wiki/Halsey_(singer)
1082,Sunflower,Post Malone and Swae Lee,2019-01-19,2019,1,2019-01-19,N,https://en.wikipedia.org/wiki/Sunflower_(Post_Malone_and_Swae_Lee_song),https://en.wikipedia.org/wiki/Post_Malone
1083,7 Rings,Ariana Grande,2019-02-02,2019,8,2019-04-06,Y,https://en.wikipedia.org/wiki/7_Rings,NA
1084,Shallow,Lady Gaga and Bradley Cooper,2019-03-09,2019,1,2019-03-09,N,https://en.wikipedia.org/wiki/Shallow_(Lady_Gaga_and_Bradley_Cooper_song),https://en.wikipedia.org/wiki/Lady_Gaga
1085,Sucker,Jonas Brothers,2019-03-16,2019,1,2019-03-16,N,https://en.wikipedia.org/wiki/Sucker_(song),https://en.wikipedia.org/wiki/Jonas_Brothers
1086,Old Town Road,Lil Nas X,2019-04-13,2019,19,2019-08-17,N,https://en.wikipedia.org/wiki/Old_Town_Road,https://en.wikipedia.org/wiki/Lil_Nas_X
1087,Bad Guy,Billie Eilish,2019-08-24,2019,1,2019-08-24,N,https://en.wikipedia.org/wiki/Bad_Guy_(Billie_Eilish_song),https://en.wikipedia.org/wiki/Billie_Eilish
1088,Señorita,Shawn Mendes and Camila Cabello,2019-08-31,2019,1,2019-08-31,N,https://en.wikipedia.org/wiki/Señorita_(Shawn_Mendes_and_Camila_Cabello_song),https://en.wikipedia.org/wiki/Shawn_Mendes
1089,Truth Hurts,Lizzo,2019-09-07,2019,7,2019-10-26,Y,https://en.wikipedia.org/wiki/Truth_Hurts_(song),https://en.wikipedia.org/wiki/Lizzo
1090,Highest in the Room,Travis Scott,2019-10-19,2019,1,2019-10-19,N,https://en.wikipedia.org/wiki/Highest_in_the_Room,https://en.wikipedia.org/wiki/Travis_Scott
1091,Someone You Loved,Lewis Capaldi,2019-11-02,2019,3,2019-11-23,Y,https://en.wikipedia.org/wiki/Someone_You_Loved,https://en.wikipedia.org/wiki/Lewis_Capaldi
1092,Lose You to Love Me,Selena Gomez,2019-11-09,2019,1,2019-11-09,N,https://en.wikipedia.org/wiki/Lose_You_to_Love_Me,https://en.wikipedia.org/wiki/Selena_Gomez
1093,Circles,Post Malone,2019-11-30,2019,3,2020-01-11,Y,https://en.wikipedia.org/wiki/Circles_(Post_Malone_song),NA
1094,Heartless,The Weeknd,2019-12-14,2019,1,2019-12-14,N,https://en.wikipedia.org/wiki/Heartless_(The_Weeknd_song),https://en.wikipedia.org/wiki/The_Weeknd
1095,All I Want for Christmas Is You,Mariah Carey,2019-12-21,2019,22,2026-01-03,Y,https://en.wikipedia.org/wiki/All_I_Want_for_Christmas_Is_You,https://en.wikipedia.org/wiki/Mariah_Carey
1096,The Box,Roddy Ricch,2020-01-18,2020,11,2020-03-28,N,https://en.wikipedia.org/wiki/The_Box_(Roddy_Ricch_song),https://en.wikipedia.org/wiki/Roddy_Ricch
1097,Blinding Lights,The Weeknd,2020-04-04,2020,4,2020-05-02,Y,https://en.wikipedia.org/wiki/Blinding_Lights,https://en.wikipedia.org/wiki/The_Weeknd
1098,Toosie Slide,Drake,2020-04-18,2020,1,2020-04-18,N,https://en.wikipedia.org/wiki/Toosie_Slide,https://en.wikipedia.org/wiki/Drake_(musician)
1099,The Scotts,"The Scotts, Travis Scott and Kid Cudi",2020-05-09,2020,1,2020-05-09,N,https://en.wikipedia.org/wiki/The_Scotts,https://en.wikipedia.org/wiki/Travis_Scott
1100,Say So,Doja Cat featuring Nicki Minaj,2020-05-16,2020,1,2020-05-16,N,https://en.wikipedia.org/wiki/Say_So,https://en.wikipedia.org/wiki/Doja_Cat
1101,Stuck with U,Ariana Grande and Justin Bieber,2020-05-23,2020,1,2020-05-23,N,https://en.wikipedia.org/wiki/Stuck_with_U,https://en.wikipedia.org/wiki/Ariana_Grande
1102,Savage,Megan Thee Stallion featuring Beyoncé,2020-05-30,2020,1,2020-05-30,N,https://en.wikipedia.org/wiki/Savage_(Megan_Thee_Stallion_song),https://en.wikipedia.org/wiki/Megan_Thee_Stallion
1103,Rain on Me,Lady Gaga and Ariana Grande,2020-06-06,2020,1,2020-06-06,N,https://en.wikipedia.org/wiki/Rain_on_Me_(Lady_Gaga_and_Ariana_Grande_song),https://en.wikipedia.org/wiki/Lady_Gaga
1104,Rockstar,DaBaby featuring Roddy Ricch,2020-06-13,2020,7,2020-08-01,Y,https://en.wikipedia.org/wiki/Rockstar_(DaBaby_song),https://en.wikipedia.org/wiki/DaBaby
1105,Trollz,6ix9ine and Nicki Minaj,2020-06-27,2020,1,2020-06-27,N,https://en.wikipedia.org/wiki/Trollz_(song),https://en.wikipedia.org/wiki/6ix9ine
1106,Cardigan,Taylor Swift,2020-08-08,2020,1,2020-08-08,N,https://en.wikipedia.org/wiki/Cardigan_(song),https://en.wikipedia.org/wiki/Taylor_Swift
1107,Watermelon Sugar,Harry Styles,2020-08-15,2020,1,2020-08-15,N,https://en.wikipedia.org/wiki/Watermelon_Sugar,https://en.wikipedia.org/wiki/Harry_Styles
1108,WAP,Cardi B featuring Megan Thee Stallion,2020-08-22,2020,4,2020-09-26,Y,https://en.wikipedia.org/wiki/WAP_(song),https://en.wikipedia.org/wiki/Cardi_B
1109,Dynamite,BTS,2020-09-05,2020,3,2020-10-03,Y,https://en.wikipedia.org/wiki/Dynamite_(BTS_song),https://en.wikipedia.org/wiki/BTS
1110,Franchise,Travis Scott featuring Young Thug and M.I.A.,2020-10-10,2020,1,2020-10-10,N,https://en.wikipedia.org/wiki/Franchise_(song),https://en.wikipedia.org/wiki/Young_Thug
1111,Savage Love (Laxed – Siren Beat),"Jawsh 685, Jason Derulo and BTS",2020-10-17,2020,1,2020-10-17,N,https://en.wikipedia.org/wiki/Savage_Love_(Laxed_–_Siren_Beat),https://en.wikipedia.org/wiki/Jawsh_685
1112,Mood,24kGoldn featuring Iann Dior,2020-10-24,2020,8,2021-01-16,Y,https://en.wikipedia.org/wiki/Mood_(24kGoldn_song),https://en.wikipedia.org/wiki/24kGoldn
1113,Positions,Ariana Grande,2020-11-07,2020,1,2020-11-07,N,https://en.wikipedia.org/wiki/Positions_(song),NA
1114,Life Goes On,BTS,2020-12-05,2020,1,2020-12-05,N,https://en.wikipedia.org/wiki/Life_Goes_On_(BTS_song),NA
1115,Willow,Taylor Swift,2020-12-26,2020,1,2020-12-26,N,https://en.wikipedia.org/wiki/Willow_(song),NA
1116,Drivers License,Olivia Rodrigo,2021-01-23,2021,8,2021-03-13,N,https://en.wikipedia.org/wiki/Drivers_License_(song),https://en.wikipedia.org/wiki/Olivia_Rodrigo
1117,What's Next,Drake,2021-03-20,2021,1,2021-03-20,N,https://en.wikipedia.org/wiki/What's_Next_(Drake_song),https://en.wikipedia.org/wiki/Drake_(musician)
1118,Up,Cardi B,2021-03-27,2021,1,2021-03-27,N,https://en.wikipedia.org/wiki/Up_(Cardi_B_song),https://en.wikipedia.org/wiki/Cardi_B
1119,Peaches,Justin Bieber featuring Daniel Caesar and Giveon,2021-04-03,2021,1,2021-04-03,N,https://en.wikipedia.org/wiki/Peaches_(Justin_Bieber_song),https://en.wikipedia.org/wiki/Justin_Bieber
1120,Montero (Call Me by Your Name),Lil Nas X,2021-04-10,2021,1,2021-04-10,N,https://en.wikipedia.org/wiki/Montero_(Call_Me_by_Your_Name),https://en.wikipedia.org/wiki/Lil_Nas_X
1121,Leave the Door Open,Silk Sonic (Bruno Mars and Anderson .Paak),2021-04-17,2021,2,2021-05-22,Y,https://en.wikipedia.org/wiki/Leave_the_Door_Open,https://en.wikipedia.org/wiki/Silk_Sonic
1122,Rapstar,Polo G,2021-04-24,2021,2,2021-05-01,N,https://en.wikipedia.org/wiki/Rapstar,https://en.wikipedia.org/wiki/Polo_G
1123,Save Your Tears,The Weeknd and Ariana Grande,2021-05-08,2021,2,2021-05-15,N,https://en.wikipedia.org/wiki/Save_Your_Tears,https://en.wikipedia.org/wiki/The_Weeknd
1124,Good 4 U,Olivia Rodrigo,2021-05-29,2021,1,2021-05-29,N,https://en.wikipedia.org/wiki/Good_4_U,NA
1125,Butter,BTS,2021-06-05,2021,10,2021-09-11,Y,https://en.wikipedia.org/wiki/Butter_(song),https://en.wikipedia.org/wiki/BTS
1126,Permission to Dance,BTS,2021-07-24,2021,1,2021-07-24,N,https://en.wikipedia.org/wiki/Permission_to_Dance,https://en.wikipedia.org/wiki/BTS
1127,Stay,The Kid Laroi and Justin Bieber,2021-08-14,2021,7,2021-10-16,Y,https://en.wikipedia.org/wiki/Stay_(The_Kid_Laroi_and_Justin_Bieber_song),https://en.wikipedia.org/wiki/The_Kid_Laroi
1128,Way 2 Sexy,Drake featuring Future and Young Thug,2021-09-18,2021,1,2021-09-18,N,https://en.wikipedia.org/wiki/Way_2_Sexy,https://en.wikipedia.org/wiki/Future_(rapper)
1129,My Universe,Coldplay and BTS,2021-10-09,2021,1,2021-10-09,N,https://en.wikipedia.org/wiki/My_Universe_(song),https://en.wikipedia.org/wiki/Coldplay
1130,Industry Baby,Lil Nas X and Jack Harlow,2021-10-23,2021,1,2021-10-23,N,https://en.wikipedia.org/wiki/Industry_Baby,https://en.wikipedia.org/wiki/Jack_Harlow
1131,Easy on Me,Adele,2021-10-30,2021,10,2022-01-29,Y,https://en.wikipedia.org/wiki/Easy_on_Me,https://en.wikipedia.org/wiki/Adele
1132,All Too Well (Taylor's Version),Taylor Swift,2021-11-27,2021,1,2021-11-27,N,https://en.wikipedia.org/wiki/All_Too_Well_(Taylor's_Version),https://en.wikipedia.org/wiki/Taylor_Swift
1133,We Don't Talk About Bruno,"Carolina Gaitán, Mauro Castillo, Adassa,Rhenzy Feliz, Diane Guerrero, Stephanie Beatrizand the Encanto cast",2022-02-05,2022,5,2022-03-05,N,https://en.wikipedia.org/wiki/We_Don't_Talk_About_Bruno,https://en.wikipedia.org/wiki/Carolina_Gaitán
1134,Heat Waves,Glass Animals,2022-03-12,2022,5,2022-04-09,N,https://en.wikipedia.org/wiki/Heat_Waves,https://en.wikipedia.org/wiki/Glass_Animals
1135,As It Was,Harry Styles,2022-04-16,2022,15,2022-10-01,Y,https://en.wikipedia.org/wiki/As_It_Was,https://en.wikipedia.org/wiki/Harry_Styles
1136,First Class,Jack Harlow,2022-04-23,2022,3,2022-05-28,Y,https://en.wikipedia.org/wiki/First_Class_(song),https://en.wikipedia.org/wiki/Jack_Harlow
1137,Wait for U,Future featuring Drake and Tems,2022-05-14,2022,1,2022-05-14,N,https://en.wikipedia.org/wiki/Wait_for_U,https://en.wikipedia.org/wiki/Future_(rapper)
1138,Jimmy Cooks,Drake featuring 21 Savage,2022-07-02,2022,1,2022-07-02,N,https://en.wikipedia.org/wiki/Jimmy_Cooks,https://en.wikipedia.org/wiki/21_Savage
1139,About Damn Time,Lizzo,2022-07-30,2022,2,2022-08-06,N,https://en.wikipedia.org/wiki/About_Damn_Time,https://en.wikipedia.org/wiki/Lizzo
1140,Break My Soul,Beyoncé,2022-08-13,2022,2,2022-08-20,N,https://en.wikipedia.org/wiki/Break_My_Soul,https://en.wikipedia.org/wiki/Beyoncé
1141,Super Freaky Girl,Nicki Minaj,2022-08-27,2022,1,2022-08-27,N,https://en.wikipedia.org/wiki/Super_Freaky_Girl,https://en.wikipedia.org/wiki/Nicki_Minaj
1142,Bad Habit,Steve Lacy,2022-10-08,2022,3,2022-10-22,N,https://en.wikipedia.org/wiki/Bad_Habit_(Steve_Lacy_song),https://en.wikipedia.org/wiki/Steve_Lacy
1143,Unholy,Sam Smith and Kim Petras,2022-10-29,2022,1,2022-10-29,N,https://en.wikipedia.org/wiki/Unholy_(Sam_Smith_and_Kim_Petras_song),https://en.wikipedia.org/wiki/Sam_Smith
1144,Anti-Hero,Taylor Swift,2022-11-05,2022,8,2023-01-21,Y,https://en.wikipedia.org/wiki/Anti-Hero_(song),https://en.wikipedia.org/wiki/Taylor_Swift
1145,Flowers,Miley Cyrus,2023-01-28,2023,8,2023-04-01,Y,https://en.wikipedia.org/wiki/Flowers_(Miley_Cyrus_song),https://en.wikipedia.org/wiki/Miley_Cyrus
1146,Die for You,The Weeknd and Ariana Grande,2023-03-11,2023,1,2023-03-11,N,https://en.wikipedia.org/wiki/Die_for_You_(The_Weeknd_song),https://en.wikipedia.org/wiki/The_Weeknd
1147,Last Night,Morgan Wallen,2023-03-18,2023,16,2023-08-19,Y,https://en.wikipedia.org/wiki/Last_Night_(Morgan_Wallen_song),https://en.wikipedia.org/wiki/Morgan_Wallen
1148,Like Crazy,Jimin,2023-04-08,2023,1,2023-04-08,N,https://en.wikipedia.org/wiki/Like_Crazy_(song),https://en.wikipedia.org/wiki/Jimin
1149,Kill Bill,SZA,2023-04-29,2023,1,2023-04-29,N,https://en.wikipedia.org/wiki/Kill_Bill_(SZA_song),https://en.wikipedia.org/wiki/SZA
1150,Vampire,Olivia Rodrigo,2023-07-15,2023,2,2023-09-23,Y,https://en.wikipedia.org/wiki/Vampire_(Olivia_Rodrigo_song),https://en.wikipedia.org/wiki/Olivia_Rodrigo
1151,Seven,Jung Kook featuring Latto,2023-07-29,2023,1,2023-07-29,N,https://en.wikipedia.org/wiki/Seven_(Jung_Kook_song),https://en.wikipedia.org/wiki/Jung_Kook
1152,Try That in a Small Town,Jason Aldean,2023-08-05,2023,1,2023-08-05,N,https://en.wikipedia.org/wiki/Try_That_in_a_Small_Town,https://en.wikipedia.org/wiki/Jason_Aldean
1153,Rich Men North of Richmond,Oliver Anthony Music,2023-08-26,2023,2,2023-09-02,N,https://en.wikipedia.org/wiki/Rich_Men_North_of_Richmond,https://en.wikipedia.org/wiki/Oliver_Anthony
1154,I Remember Everything,Zach Bryan featuring Kacey Musgraves,2023-09-09,2023,1,2023-09-09,N,https://en.wikipedia.org/wiki/I_Remember_Everything,https://en.wikipedia.org/wiki/Zach_Bryan
1155,Paint the Town Red,Doja Cat,2023-09-16,2023,3,2023-10-14,Y,https://en.wikipedia.org/wiki/Paint_the_Town_Red_(Doja_Cat_song),https://en.wikipedia.org/wiki/Doja_Cat
1156,Slime You Out,Drake featuring SZA,2023-09-30,2023,1,2023-09-30,N,https://en.wikipedia.org/wiki/Slime_You_Out,https://en.wikipedia.org/wiki/Drake_(musician)
1157,First Person Shooter,Drake featuring J. Cole,2023-10-21,2023,1,2023-10-21,N,https://en.wikipedia.org/wiki/First_Person_Shooter_(song),https://en.wikipedia.org/wiki/J._Cole
1158,Cruel Summer,Taylor Swift,2023-10-28,2023,4,2023-11-25,Y,https://en.wikipedia.org/wiki/Cruel_Summer_(Taylor_Swift_song),NA
1159,Is It Over Now?,Taylor Swift,2023-11-11,2023,1,2023-11-11,N,https://en.wikipedia.org/wiki/Is_It_Over_Now%3F,NA
1160,Lovin on Me,Jack Harlow,2023-12-02,2023,6,2024-02-24,Y,https://en.wikipedia.org/wiki/Lovin_on_Me,https://en.wikipedia.org/wiki/Jack_Harlow
1161,Rockin' Around the Christmas Tree,Brenda Lee,2023-12-09,2023,3,2024-01-06,Y,https://en.wikipedia.org/wiki/Rockin'_Around_the_Christmas_Tree,https://en.wikipedia.org/wiki/Brenda_Lee
1162,"Yes, And?",Ariana Grande,2024-01-27,2024,1,2024-01-27,N,"https://en.wikipedia.org/wiki/Yes,_And%3F",https://en.wikipedia.org/wiki/Ariana_Grande
1163,Hiss,Megan Thee Stallion,2024-02-10,2024,1,2024-02-10,N,https://en.wikipedia.org/wiki/Hiss_(song),https://en.wikipedia.org/wiki/Megan_Thee_Stallion
1164,Texas Hold 'Em,Beyoncé,2024-03-02,2024,2,2024-03-09,N,https://en.wikipedia.org/wiki/Texas_Hold_'Em_(song),https://en.wikipedia.org/wiki/Beyoncé
1165,Carnival,¥$: Ye and Ty Dolla Signfeaturing Rich the Kid and Playboi Carti,2024-03-16,2024,1,2024-03-16,N,https://en.wikipedia.org/wiki/Carnival_(¥$_song),https://en.wikipedia.org/wiki/¥$
1166,We Can't Be Friends (Wait for Your Love),Ariana Grande,2024-03-23,2024,1,2024-03-23,N,https://en.wikipedia.org/wiki/We_Can't_Be_Friends_(Wait_for_Your_Love),NA
1167,Lose Control,Teddy Swims,2024-03-30,2024,1,2024-03-30,N,https://en.wikipedia.org/wiki/Lose_Control_(Teddy_Swims_song),https://en.wikipedia.org/wiki/Teddy_Swims
1168,Like That,"Future, Metro Boomin and Kendrick Lamar",2024-04-06,2024,3,2024-04-20,N,"https://en.wikipedia.org/wiki/Like_That_(Future,_Metro_Boomin_and_Kendrick_Lamar_song)",https://en.wikipedia.org/wiki/Future_(rapper)
1169,Too Sweet,Hozier,2024-04-27,2024,1,2024-04-27,N,https://en.wikipedia.org/wiki/Too_Sweet,https://en.wikipedia.org/wiki/Hozier
1170,Fortnight,Taylor Swift featuring Post Malone,2024-05-04,2024,2,2024-05-11,N,https://en.wikipedia.org/wiki/Fortnight_(song),https://en.wikipedia.org/wiki/Taylor_Swift
1171,Not Like Us,Kendrick Lamar,2024-05-18,2024,3,2025-02-22,Y,https://en.wikipedia.org/wiki/Not_Like_Us,NA
1172,I Had Some Help,Post Malone featuring Morgan Wallen,2024-05-25,2024,6,2024-07-06,Y,https://en.wikipedia.org/wiki/I_Had_Some_Help,https://en.wikipedia.org/wiki/Morgan_Wallen
1173,Please Please Please,Sabrina Carpenter,2024-06-29,2024,1,2024-06-29,N,https://en.wikipedia.org/wiki/Please_Please_Please_(Sabrina_Carpenter_song),https://en.wikipedia.org/wiki/Sabrina_Carpenter
1174,A Bar Song (Tipsy),Shaboozey,2024-07-13,2024,19,2024-11-30,Y,https://en.wikipedia.org/wiki/A_Bar_Song_(Tipsy),https://en.wikipedia.org/wiki/Shaboozey
1175,Love Somebody,Morgan Wallen,2024-11-02,2024,1,2024-11-02,N,https://en.wikipedia.org/wiki/Love_Somebody_(Morgan_Wallen_song),NA
1176,Squabble Up,Kendrick Lamar,2024-12-07,2024,1,2024-12-07,N,https://en.wikipedia.org/wiki/Squabble_Up,NA
1177,Die with a Smile,Lady Gaga and Bruno Mars,2025-01-11,2025,5,2025-02-15,Y,https://en.wikipedia.org/wiki/Die_with_a_Smile,https://en.wikipedia.org/wiki/Lady_Gaga
1178,4x4,Travis Scott,2025-02-08,2025,1,2025-02-08,N,https://en.wikipedia.org/wiki/4x4_(song),https://en.wikipedia.org/wiki/Travis_Scott
1179,Luther,Kendrick Lamar and SZA,2025-03-01,2025,13,2025-05-24,N,https://en.wikipedia.org/wiki/Luther_(song),https://en.wikipedia.org/wiki/SZA
1180,What I Want,Morgan Wallen featuring Tate McRae,2025-05-31,2025,1,2025-05-31,N,https://en.wikipedia.org/wiki/What_I_Want_(Morgan_Wallen_song),https://en.wikipedia.org/wiki/Morgan_Wallen
1181,Ordinary,Alex Warren,2025-06-07,2025,10,2025-08-23,Y,https://en.wikipedia.org/wiki/Ordinary_(Alex_Warren_song),https://en.wikipedia.org/wiki/Alex_Warren
1182,Manchild,Sabrina Carpenter,2025-06-21,2025,1,2025-06-21,N,https://en.wikipedia.org/wiki/Manchild_(Sabrina_Carpenter_song),https://en.wikipedia.org/wiki/Sabrina_Carpenter
1183,Golden,"Huntrix: Ejae, Audrey Nuna and Rei Ami",2025-08-16,2025,8,2025-10-11,Y,https://en.wikipedia.org/wiki/Golden_(Huntrix_song),https://en.wikipedia.org/wiki/Huntrix
1184,The Fate of Ophelia,Taylor Swift,2025-10-18,2025,10,2026-01-17,Y,https://en.wikipedia.org/wiki/The_Fate_of_Ophelia,https://en.wikipedia.org/wiki/Taylor_Swift
1185,I Just Might,Bruno Mars,2026-01-24,2026,3,2026-03-14,Y,https://en.wikipedia.org/wiki/I_Just_Might,https://en.wikipedia.org/wiki/Bruno_Mars
1186,Aperture,Harry Styles,2026-02-07,2026,1,2026-02-07,N,https://en.wikipedia.org/wiki/Aperture_(song),https://en.wikipedia.org/wiki/Harry_Styles
1187,Choosin' Texas,Ella Langley,2026-02-14,2026,21,2026-09-12,Y,https://en.wikipedia.org/wiki/Choosin'_Texas,https://en.wikipedia.org/wiki/Ella_Langley
1188,DTMF,Bad Bunny,2026-02-21,2026,1,2026-02-21,N,https://en.wikipedia.org/wiki/DTMF_(song),https://en.wikipedia.org/wiki/Bad_Bunny
1189,Opalite,Taylor Swift,2026-02-28,2026,1,2026-02-28,N,https://en.wikipedia.org/wiki/Opalite_(song),NA
1190,Swim,BTS,2026-04-04,2026,1,2026-04-04,N,https://en.wikipedia.org/wiki/Swim_(BTS_song),https://en.wikipedia.org/wiki/BTS
1191,Drop Dead,Olivia Rodrigo,2026-05-02,2026,1,2026-05-02,N,https://en.wikipedia.org/wiki/Drop_Dead,https://en.wikipedia.org/wiki/Olivia_Rodrigo
1192,Janice STFU,Drake,2026-05-30,2026,2,2026-06-06,N,https://en.wikipedia.org/wiki/Janice_STFU,https://en.wikipedia.org/wiki/Drake_(musician)
1193,Hate That I Made You Love Me,Ariana Grande,2026-06-13,2026,1,2026-06-13,N,https://en.wikipedia.org/wiki/Hate_That_I_Made_You_Love_Me,https://en.wikipedia.org/wiki/Ariana_Grande
1194,"I Knew It, I Knew You",Taylor Swift,2026-06-20,2026,2,2026-06-27,N,"https://en.wikipedia.org/wiki/I_Knew_It,_I_Knew_You",NA
